,,,,,,,,,,,,,,,,,,,,,
,,,,,,,,,,,,,,,,,,,,,
2021-01-04,"10,54163646698",2020-01-02,"12,6055545806885",2019-01-02,"10,3841619491577",2018-01-02,"7,63478851318359",2017-01-02,"5,39181470870972",2016-01-04,"3,63903069496155",2015-01-02,"4,34226322174072",2014-01-02,"3,694495677948",2013-01-02,"3,66937160491943",2012-01-02,"3,55993580818176",2011-01-03,"3,99651098251343"
2021-01-05,"10,459493637085",2020-01-03,"12,4210834503174",2019-01-03,"10,474458694458",2018-01-03,"7,72477197647095",2017-01-03,"5,62824058532715",2016-01-05,"3,69968152046204",2015-01-05,"4,35647010803223",2014-01-03,"3,70712065696716",2013-01-03,"3,78643918037415",2012-01-03,"3,66539192199707",2011-01-04,"4,07083606719971"
2021-01-06,"10,6694135665894",2020-01-06,"12,3947334289551",2019-01-04,"10,4416227340698",2018-01-04,"7,87013053894043",2017-01-04,"5,66107749938965",2016-01-06,"3,73276281356812",2015-01-06,"4,38961791992188",2014-01-06,"3,73236584663391",2013-01-04,"3,76814794540405",2012-01-04,"3,67178225517273",2011-01-05,"4,12255668640137"
2021-01-07,"11,0983791351318",2020-01-07,"12,2278299331665",2019-01-07,"10,4334163665771",2018-01-05,"7,88397550582886",2017-01-05,"5,71361684799194",2016-01-07,"3,6776270866394",2015-01-07,"4,55535507202148",2014-01-07,"3,71974301338196",2013-01-07,"3,72058725357056",2012-01-05,"3,65580534934998",2011-01-06,"4,03432607650757"
2021-01-08,"11,0709981918335",2020-01-08,"12,0433588027954",2019-01-08,"10,5729675292969",2018-01-08,"7,87705278396606",2017-01-06,"5,69391202926636",2016-01-08,"3,6776270866394",2015-01-08,"4,60270643234253",2014-01-08,"3,74078321456909",2013-01-08,"3,74619770050049",2012-01-06,"3,67497873306274",2011-01-07,"3,91566896438599"
2021-01-11,"10,8154449462891",2020-01-09,"11,8061819076538",2019-01-09,"10,7125158309937",2018-01-09,"7,75245952606201",2017-01-09,"5,75302028656006",2016-01-11,"3,63351774215698",2015-01-09,"4,44170713424683",2014-01-09,"3,64821028709412",2013-01-09,"3,78643918037415",2012-01-09,"3,70054364204407",2011-01-10,"3,96130514144897"
2021-01-12,"10,8975858688354",2020-01-10,"11,727123260498",2019-01-10,"10,6386384963989",2018-01-10,"7,75245952606201",2017-01-10,"5,71361684799194",2016-01-12,"3,5894079208374",2015-01-12,"4,36594104766846",2014-01-10,"3,6313796043396",2013-01-10,"3,75351214408875",2012-01-10,"3,75806546211243",2011-01-11,"4,00085783004761"
2021-01-13,"10,7880630493164",2020-01-13,"11,8852376937866",2019-01-11,"10,5072937011719",2018-01-11,"7,87705278396606",2017-01-11,"5,75302028656006",2016-01-13,"3,60043549537659",2015-01-13,"4,38014793395996",2014-01-13,"3,62717175483704",2013-01-11,"3,764488697052",2012-01-11,"3,75486969947815",2011-01-12,"4,09517478942871"
2021-01-14,"11,0253620147705",2020-01-14,"12,0170049667358",2019-01-14,"10,6632633209229",2018-01-12,"7,89781761169434",2017-01-12,"5,91063785552979",2016-01-14,"3,61697554588318",2015-01-14,"4,4038233757019",2014-01-14,"3,65241694450378",2013-01-14,"3,79375743865967",2012-01-12,"3,74847769737244",2011-01-13,"4,01607084274292"
2021-01-15,"10,596396446228",2020-01-15,"11,8237504959106",2019-01-15,"10,5975894927979",2018-01-15,"7,99472379684448",2017-01-13,"5,85153102874756",2016-01-15,"3,55632495880127",2015-01-15,"4,39435148239136",2014-01-15,"3,62717175483704",2013-01-15,"3,764488697052",2012-01-13,"3,72291302680969",2011-01-14,"4,00085783004761"
2021-01-18,"10,6146507263184",2020-01-16,"11,8501043319702",2019-01-16,"10,6058015823364",2018-01-16,"8,09855270385742",2017-01-16,"5,85153102874756",2016-01-18,"3,53978323936462",2015-01-16,"4,47485256195068",2014-01-16,"3,5977144241333",2013-01-16,"3,78643918037415",2012-01-16,"3,72291302680969",2011-01-17,"3,95522022247314"
2021-01-19,"10,4503650665283",2020-01-17,"11,9467306137085",2019-01-17,"10,6222171783447",2018-01-17,"8,22314643859863",2017-01-17,"5,96974277496338",2016-01-19,"3,50118851661682",2015-01-19,"4,27123498916626",2014-01-17,"3,56405353546143",2013-01-17,"3,8486316204071",2012-01-17,"3,72291302680969",2011-01-18,"3,90350008010864"
2021-01-20,"10,286078453064",2020-01-20,"11,7798271179199",2019-01-18,"10,6140098571777",2018-01-18,"8,26467704772949",2017-01-18,"5,93690633773804",2016-01-20,"3,4625928401947",2015-01-20,"4,35647010803223",2014-01-20,"3,54722142219543",2013-01-18,"3,85960650444031",2012-01-18,"3,83475923538208",2011-01-19,"3,82743740081787"
2021-01-21,"10,0761604309082",2020-01-21,"11,5075120925903",2019-01-21,"10,5729675292969",2018-01-19,"8,2923641204834",2017-01-19,"5,93034029006958",2016-01-21,"3,47362041473389",2015-01-21,"4,53167533874512",2014-01-21,"3,57246708869934",2013-01-21,"3,85229158401489",2012-01-19,"3,85073900222778",2011-01-20,"3,75746130943298"
2021-01-22,"9,9301290512085",2020-01-22,"11,6744136810303",2019-01-22,"10,5237131118774",2018-01-22,"8,50001811981201",2017-01-20,"5,99601316452026",2016-01-22,"3,52875733375549",2015-01-22,"4,57903051376343",2014-01-22,"3,55984497070312",2013-01-22,"3,85229158401489",2012-01-20,"3,84754371643066",2011-01-21,"3,75746130943298"
2021-01-26,"9,71139526367188",2020-01-23,"11,9028072357178",2019-01-23,"10,6632633209229",2018-01-23,"8,38926696777344",2017-01-23,"6,14706325531006",2016-01-26,"3,5838930606842",2015-01-23,"4,54588317871094",2014-01-23,"3,4756863117218",2013-01-23,"3,85594964027405",2012-01-23,"3,79960870742798",2011-01-24,"3,79092741012573"
2021-01-27,"9,647385597229",2020-01-24,"11,727123260498",2019-01-24,"10,8356475830078",2018-01-24,"8,9360933303833",2017-01-24,"6,07482147216797",2016-01-27,"3,5894079208374",2015-01-26,"4,54114723205566",2014-01-24,"3,450439453125",2013-01-24,"3,83765411376953",2012-01-24,"3,73889183998108",2011-01-26,"3,72095036506653"
2021-01-28,"10,0314521789551",2020-01-27,"11,472375869751",2019-01-28,"11,0737037658691",2018-01-25,"8,9360933303833",2017-01-26,"6,10109186172485",2016-01-28,"3,66659903526306",2015-01-27,"4,54114723205566",2014-01-27,"3,52197432518005",2013-01-28,"3,73156476020813",2012-01-26,"3,77084922790527",2011-01-27,"3,7300763130188"
2021-01-29,"9,70225143432617",2020-01-28,"11,5162963867188",2019-01-29,"10,8931121826172",2018-01-26,"9,30987358093262",2017-01-27,"6,09452533721924",2016-01-29,"3,7934148311615",2015-01-28,"4,44644069671631",2014-01-28,"3,5261824131012",2013-01-29,"3,7279040813446",2012-01-27,"3,72610855102539",2011-01-28,"3,67227125167847"
2021-02-01,"9,86684989929199",2020-01-29,"11,3933153152466",2019-01-30,"11,016242980957",2018-01-29,"9,06760787963867",2017-01-30,"6,02228307723999",2016-02-01,"3,81546711921692",2015-01-29,"4,41802978515625",2014-01-29,"3,48410439491272",2013-01-30,"3,67302823066711",2012-01-30,"3,68776178359985",2011-01-31,"3,58708119392395"
2021-02-02,"9,88513946533203",2020-01-30,"11,4899425506592",2019-01-31,"11,0819129943848",2018-01-30,"9,1229829788208",2017-01-31,"6,09452533721924",2016-02-02,"3,50118851661682",2015-01-30,"4,32805776596069",2014-01-30,"3,48831105232239",2013-01-31,"3,68766188621521",2012-01-31,"3,65580534934998",2011-02-01,"3,59012293815613"
2021-02-03,"9,89428424835205",2020-01-31,"11,2966871261597",2019-02-01,"11,1147480010986",2018-01-31,"9,17143726348877",2017-02-01,"6,12079334259033",2016-02-03,"3,68313956260681",2015-02-02,"4,37067651748657",2014-01-31,"3,54301333427429",2013-02-01,"3,67668676376343",2012-02-01,"3,72610855102539",2011-02-02,"3,53535771369934"
2021-02-04,"9,89428424835205",2020-02-03,"11,2879047393799",2019-02-04,"11,3281764984131",2018-02-01,"9,14375019073486",2017-02-02,"6,1142258644104",2016-02-04,"3,74378967285156",2015-02-03,"4,51273393630981",2014-02-03,"3,45885753631592",2013-02-04,"3,58522820472717",2012-02-02,"3,73889183998108",2011-02-03,"3,76050162315369"
2021-02-05,"9,83941555023193",2020-02-04,"11,3142538070679",2019-02-05,"10,9751977920532",2018-02-02,"8,99839115142822",2017-02-03,"6,23243761062622",2016-02-05,"3,73827648162842",2015-02-04,"4,67846870422363",2014-02-04,"3,66083455085754",2013-02-05,"3,66571164131165",2012-02-03,"3,74847769737244",2011-02-04,"3,42278695106506"
2021-02-08,"9,69310760498047",2020-02-05,"11,3757457733154",2019-02-06,"10,5072937011719",2018-02-05,"8,72151660919189",2017-02-06,"6,14049434661865",2016-02-10,"3,74378967285156",2015-02-05,"4,67846870422363",2014-02-05,"3,63979458808899",2013-02-06,"3,59986090660095",2012-02-06,"3,75486969947815",2011-02-07,"3,45017027854919"
2021-02-09,"9,77540683746338",2020-02-06,"11,261549949646",2019-02-07,"10,5237131118774",2018-02-06,"9,06068992614746",2017-02-07,"6,22587108612061",2016-02-11,"3,66108441352844",2015-02-06,"4,73529434204102",2014-02-06,"3,694495677948",2013-02-07,"3,57791066169739",2012-02-07,"3,79321813583374",2011-02-08,"3,58708119392395"
2021-02-10,"9,71139526367188",2020-02-07,"11,2351970672607",2019-02-08,"10,8602743148804",2018-02-07,"8,87379837036133",2017-02-08,"6,27841234207153",2016-02-12,"3,66659903526306",2015-02-09,"4,70214653015137",2014-02-07,"3,70291137695312",2013-02-08,"3,6401047706604",2012-02-08,"3,86671590805054",2011-02-09,"3,58708119392395"
2021-02-11,"9,7296838760376",2020-02-10,"11,4635915756226",2019-02-11,"10,7863960266113",2018-02-08,"8,79073619842529",2017-02-09,"6,32438087463379",2016-02-15,"3,6721134185791",2015-02-10,"4,64058828353882",2014-02-10,"3,68608021736145",2013-02-13,"3,62181186676025",2012-02-09,"3,85073900222778",2011-02-10,"3,4714663028717"
2021-02-12,"9,69310760498047",2020-02-11,"11,6656332015991",2019-02-12,"10,9669895172119",2018-02-09,"8,77689075469971",2017-02-10,"6,38348913192749",2016-02-16,"3,72724795341492",2015-02-11,"4,55284833908081",2014-02-11,"3,694495677948",2013-02-14,"3,60351943969727",2012-02-10,"3,79641318321228",2011-02-11,"3,59012293815613"
2021-02-17,"9,63824081420898",2020-02-12,"11,7446899414063",2019-02-13,"10,7289342880249",2018-02-14,"9,06068992614746",2017-02-13,"6,37035322189331",2016-02-17,"3,74378967285156",2015-02-12,"4,61096858978272",2014-02-12,"3,65241694450378",2013-02-15,"3,77180552482605",2012-02-13,"3,79641318321228",2011-02-14,"3,626633644104"
2021-02-18,"9,46449565887451",2020-02-13,"11,5690069198608",2019-02-14,"10,9998254776001",2018-02-15,"9,06068992614746",2017-02-14,"6,34408330917358",2016-02-18,"3,6776270866394",2015-02-13,"4,7708044052124",2014-02-13,"3,60192346572876",2013-02-18,"3,81204700469971",2012-02-14,"3,85713005065918",2011-02-15,"3,67531251907349"
2021-02-19,"9,37304973602295",2020-02-14,"11,4196691513062",2019-02-15,"10,8602743148804",2018-02-16,"9,27526760101318",2017-02-15,"6,58707666397095",2016-02-19,"3,68431448936462",2015-02-18,"4,84345531463623",2014-02-14,"3,63558626174927",2013-02-19,"3,75351214408875",2012-02-15,"3,81239295005798",2011-02-16,"3,74833297729492"
2021-02-22,"8,94326210021973",2020-02-17,"11,4196691513062",2019-02-18,"10,6386384963989",2018-02-19,"9,25449657440186",2017-02-16,"6,56737470626831",2016-02-22,"3,80901432037354",2015-02-19,"4,83376836776733",2014-02-17,"3,6187539100647",2013-02-20,"3,69131970405579",2012-02-16,"3,81239295005798",2011-02-17,"3,78484272956848"
2021-02-23,"9,61995029449463",2020-02-18,"11,5865716934204",2019-02-19,"10,8602743148804",2018-02-20,"9,62827873229981",2017-02-17,"6,6724534034729",2016-02-23,"3,80334758758545",2015-02-20,"4,84345531463623",2014-02-18,"3,56405353546143",2013-02-21,"3,65839409828186",2012-02-17,"3,83475923538208",2011-02-18,"3,77267217636108"
2021-02-24,"9,52850723266602",2020-02-19,"11,7183361053467",2019-02-20,"10,8356475830078",2018-02-21,"9,79440116882324",2017-02-20,"6,76439714431763",2016-02-24,"3,77500677108765",2015-02-23,"4,87736034393311",2014-02-19,"3,56978440284729",2013-02-22,"3,77546572685242",2012-02-23,"3,78043532371521",2011-02-21,"3,73616290092468"
2021-02-25,"9,24502658843994",2020-02-20,"11,6392774581909",2019-02-21,"11,1311693191528",2018-02-22,"9,95360565185547",2017-02-21,"6,92192125320435",2016-02-25,"3,80334758758545",2015-02-24,"4,9209508895874",2014-02-20,"3,56133651733398",2013-02-25,"3,78277993202209",2012-02-24,"3,76445651054382",2011-02-22,"3,64184522628784"
2021-02-26,"9,09871673583984",2020-02-21,"11,4480304718018",2019-02-22,"10,9555368423462",2018-02-23,"9,89498138427734",2017-02-22,"6,95552396774292",2016-02-26,"3,76933836936951",2015-02-25,"4,94032621383667",2014-02-21,"3,58668184280395",2013-02-26,"3,70961213111877",2012-02-27,"3,73569583892822",2011-02-23,"3,6813976764679"
2021-03-01,"8,81466770172119",2020-02-26,"10,7867069244385",2019-02-25,"10,8791046142578",2018-02-26,"9,909499168396",2017-02-23,"6,86815977096558",2016-02-29,"3,86569714546204",2015-02-26,"4,96938419342041",2014-02-24,"3,60780692100525",2013-02-27,"3,72424602508545",2012-02-28,"3,81558585166931",2011-02-24,"3,6813976764679"
2021-03-02,"9,07122898101807",2020-02-27,"10,6079711914063",2019-02-26,"10,8875951766968",2018-02-27,"9,77882671356201",2017-02-24,"6,74719619750977",2016-03-01,"4,03327703475952",2015-02-27,"4,887047290802",2014-02-25,"3,55711150169373",2013-02-28,"3,77912282943726",2012-02-29,"3,83475923538208",2011-02-25,"3,62359046936035"
2021-03-03,"9,15369510650635",2020-02-28,"10,7330884933472",2019-02-27,"10,7347288131714",2018-02-28,"9,52473640441895",2017-03-01,"6,72363901138306",2016-03-02,"4,09576320648193",2015-03-02,"4,84581661224365",2014-02-26,"3,50641536712646",2013-03-01,"3,79560852050781",2012-03-01,"3,94725632667542",2011-02-28,"3,69356822967529"
2021-03-04,"9,35527610778809",2020-03-02,"11,0195407867432",2019-02-28,"10,505425453186",2018-03-01,"9,68826866149902",2017-03-02,"6,64287519454956",2016-03-03,"4,43092346191406",2015-03-03,"4,8555178642273",2014-02-27,"3,59090876579285",2013-03-04,"3,78095579147339",2012-03-02,"4,00226163864136",2011-03-01,"3,59731316566467"
2021-03-05,"9,50188446044922",2020-03-03,"10,8584098815918",2019-03-01,"10,4288682937622",2018-03-02,"9,76821708679199",2017-03-03,"6,72363901138306",2016-03-04,"4,6070237159729",2015-03-04,"4,81671285629272",2014-02-28,"3,57823419570923",2013-03-05,"3,75164484977722",2012-03-05,"3,96019768714905",2011-03-02,"3,62472820281982"
2021-03-08,"9,12620639801025",2020-03-04,"10,9210729598999",2019-03-06,"10,2757520675659",2018-03-05,"10,0298614501953",2017-03-06,"6,77748155593872",2016-03-07,"4,55021905899048",2015-03-05,"4,79730939865112",2014-03-05,"3,51263618469238",2013-03-06,"3,87249183654785",2012-03-06,"3,84695816040039",2011-03-03,"3,67651128768921"
2021-03-09,"9,20867347717285",2020-03-05,"10,5898590087891",2019-03-07,"10,4543857574463",2018-03-06,"9,98625469207764",2017-03-07,"6,67652654647827",2016-03-08,"4,70927572250366",2015-03-06,"4,69544458389282",2014-03-06,"3,58881545066833",2013-03-07,"3,90216636657715",2012-03-07,"3,90843081474304",2011-03-04,"3,67041730880737"
2021-03-10,"9,46145725250244",2020-03-06,"10,348162651062",2019-03-08,"10,6415281295776",2018-03-07,"9,95718765258789",2017-03-08,"6,5486478805542",2016-03-09,"4,59566307067871",2015-03-09,"4,57417917251587",2014-03-07,"3,51263618469238",2013-03-08,"4,01715469360352",2012-03-08,"4,00226163864136",2011-03-09,"3,67041730880737"
2021-03-11,"9,43392658233643",2020-03-09,"9,6946907043457",2019-03-11,"10,9392538070679",2018-03-08,"9,89177322387695",2017-03-09,"6,48807764053345",2016-03-10,"4,76608180999756",2015-03-10,"4,46261405944824",2014-03-10,"3,4914767742157",2013-03-11,"3,99119138717651",2012-03-09,"4,04108381271362",2011-03-10,"3,47485947608948"
2021-03-12,"9,36050987243652",2020-03-10,"9,90058040618897",2019-03-12,"10,97327709198",2018-03-09,"9,97898769378662",2017-03-10,"6,51499748229981",2016-03-11,"4,85129165649414",2015-03-11,"4,61298322677612",2014-03-11,"3,52956485748291",2013-03-12,"3,93184208869934",2012-03-12,"3,98931789398193",2011-03-11,"3,5543212890625"
2021-03-15,"9,38804244995117",2020-03-11,"9,30976867675781",2019-03-13,"11,0413312911987",2018-03-12,"10,0734729766846",2017-03-13,"6,60922241210938",2016-03-14,"4,81720924377441",2015-03-12,"4,63238668441772",2014-03-12,"3,50417184829712",2013-03-13,"3,9281313419342",2012-03-13,"4,02814340591431",2011-03-14,"3,57571339607239"
2021-03-16,"9,25038814544678",2020-03-12,"8,29822444915772",2019-03-14,"10,8626947402954",2018-03-13,"10,0080604553223",2017-03-14,"6,53518867492676",2016-03-15,"4,53885650634766",2015-03-13,"4,59843254089356",2014-03-13,"3,46608352661133",2013-03-14,"3,85765552520752",2012-03-14,"4,04432249069214",2011-03-15,"3,62155556678772"
2021-03-17,"9,51652050018311",2020-03-13,"9,13073348999023",2019-03-15,"10,8882150650024",2018-03-14,"9,90630722045898",2017-03-15,"6,7034478187561",2016-03-16,"4,42524385452271",2015-03-16,"4,61298322677612",2014-03-14,"3,38990616798401",2013-03-15,"3,84652805328369",2012-03-15,"4,05079317092896",2011-03-16,"3,54515218734741"
2021-03-18,"9,60828876495361",2020-03-16,"8,14604568481445",2019-03-18,"10,9647741317749",2018-03-15,"9,86269950866699",2017-03-16,"6,7034478187561",2016-03-17,"4,87969779968262",2015-03-17,"4,72455024719238",2014-03-17,"3,4279944896698",2013-03-18,"3,90587615966797",2012-03-16,"4,07020425796509",2011-03-17,"3,55126476287842"
2021-03-19,"9,5807580947876",2020-03-17,"8,53991985321045",2019-03-19,"10,7946443557739",2018-03-16,"9,76821708679199",2017-03-17,"6,57557058334351",2016-03-18,"4,87401580810547",2015-03-18,"4,90887546539307",2014-03-18,"3,48301291465759",2013-03-19,"3,87249183654785",2012-03-19,"4,07020425796509",2011-03-18,"3,61544370651245"
2021-03-22,"9,65417385101318",2020-03-18,"8,11919212341309",2019-03-20,"10,6075038909912",2018-03-19,"9,66646289825439",2017-03-20,"6,56210947036743",2016-03-21,"4,93650341033936",2015-03-19,"4,91372680664063",2014-03-19,"3,49570941925049",2013-03-20,"3,90216636657715",2012-03-20,"3,9990246295929",2011-03-21,"3,63378119468689"
2021-03-23,"9,41557312011719",2020-03-19,"7,8416895866394",2019-03-21,"10,4458799362183",2018-03-20,"9,66646289825439",2017-03-21,"6,33327865600586",2016-03-22,"4,76040315628052",2015-03-20,"4,89432334899902",2014-03-20,"3,6099750995636",2013-03-21,"3,85765552520752",2012-03-21,"3,96019768714905",2011-03-22,"3,62461256980896"
2021-03-24,"9,22285747528076",2020-03-20,"7,43886089324951",2019-03-22,"10,148154258728",2018-03-21,"9,68099975585938",2017-03-22,"6,49480676651001",2016-03-23,"4,61838531494141",2015-03-23,"4,88947153091431",2014-03-21,"3,59304523468018",2013-03-22,"3,81314396858215",2012-03-22,"3,96019768714905",2011-03-23,"3,70101618766785"
2021-03-25,"9,41557312011719",2020-03-23,"6,74062824249268",2019-03-25,"10,1736764907837",2018-03-22,"9,64465999603272",2017-03-23,"6,44096326828003",2016-03-24,"4,61838531494141",2015-03-24,"4,87977075576782",2014-03-24,"3,72847247123718",2013-03-25,"3,78347158432007",2012-03-23,"3,81460428237915",2011-03-24,"3,69796109199524"
2021-03-26,"9,52505397796631",2020-03-24,"7,22402143478394",2019-03-26,"10,2332191467285",2018-03-23,"9,67373180389404",2017-03-24,"6,50153636932373",2016-03-28,"4,80016660690308",2015-03-25,"4,91372680664063",2014-03-25,"3,7496337890625",2013-03-26,"3,81314396858215",2012-03-26,"3,86960792541504",2011-03-25,"3,71324110031128"
2021-03-29,"9,48827838897705",2020-03-25,"7,70741319656372",2019-03-27,"9,72283554077148",2018-03-26,"9,83362865447998",2017-03-27,"6,56210947036743",2016-03-29,"4,85129165649414",2015-03-26,"4,7730565071106",2014-03-26,"3,74540138244629",2013-03-27,"3,82798290252686",2012-03-27,"3,87931156158447",2011-03-28,"3,70712852478027"
2021-03-30,"9,62619018554688",2020-03-26,"8,0386266708374",2019-03-28,"10,2502326965332",2018-03-27,"9,73187446594238",2017-03-28,"6,51499748229981",2016-03-30,"4,81152820587158",2015-03-27,"4,68089246749878",2014-03-27,"3,86390042304993",2013-03-28,"3,82798290252686",2012-03-28,"3,77901268005371",2011-03-29,"3,69490480422974"
2021-03-31,"9,48827838897705",2020-03-27,"7,60894441604614",2019-03-29,"10,1906900405884",2018-03-28,"9,84816265106201",2017-03-29,"6,57557058334351",2016-03-31,"4,64110708236694",2015-03-30,"4,82641410827637",2014-03-28,"3,83850765228271",2013-04-01,"3,84281802177429",2012-03-29,"3,72077512741089",2011-03-30,"3,72936010360718"
2021-04-01,"9,2860107421875",2020-03-30,"7,89539575576782",2019-04-01,"10,1906900405884",2018-03-29,"10,0225944519043",2017-03-30,"6,49480676651001",2016-04-01,"4,64110708236694",2015-03-31,"4,84096574783325",2014-03-31,"3,91468572616577",2013-04-02,"3,77605080604553",2012-03-30,"3,63989019393921",2011-03-31,"3,81881594657898"
2021-04-05,"9,40553283691406",2020-03-31,"7,85063791275024",2019-04-02,"10,0971164703369",2018-04-02,"9,96445083618164",2017-03-31,"6,39385032653809",2016-04-04,"4,48773097991943",2015-04-01,"5,01073741912842",2014-04-01,"3,96547174453735",2013-04-03,"3,77605080604553",2012-04-02,"3,67224407196045",2011-04-01,"3,81881594657898"
2021-04-06,"9,31359100341797",2020-04-01,"7,39410352706909",2019-04-03,"9,99504089355469",2018-04-03,"9,91357707977295",2017-04-03,"6,44769334793091",2016-04-05,"4,46500730514526",2015-04-02,"5,09805107116699",2014-04-02,"4,09666681289673",2013-04-04,"3,67961049079895",2012-04-03,"3,63665151596069",2011-04-04,"3,94219970703125"
2021-04-07,"9,30439853668213",2020-04-02,"7,49257183074951",2019-04-04,"10,0375728607178",2018-04-04,"9,92084121704102",2017-04-04,"6,53518867492676",2016-04-06,"4,34571409225464",2015-04-06,"5,19021511077881",2014-04-03,"4,08397054672241",2013-04-05,"3,68702983856201",2012-04-04,"3,51370644569397",2011-04-05,"3,94219970703125"
2021-04-08,"9,27681636810303",2020-04-03,"7,25982666015625",2019-04-05,"10,2672481536865",2018-04-05,"9,89177322387695",2017-04-05,"6,4611554145813",2016-04-07,"4,40819978713989",2015-04-07,"5,18051242828369",2014-04-04,"4,03318548202515",2013-04-08,"3,68332028388977",2012-04-05,"3,46193766593933",2011-04-06,"3,92677927017212"
2021-04-09,"9,23084354400635",2020-04-06,"7,79692888259888",2019-04-08,"10,2587413787842",2018-04-06,"9,81182289123535",2017-04-06,"6,37366056442261",2016-04-08,"4,66951274871826",2015-04-08,"5,17081117630005",2014-04-07,"4,09666681289673",2013-04-09,"3,77234196662903",2012-04-09,"3,42311406135559",2011-04-07,"3,90518712997437"
2021-04-12,"9,38714218139648",2020-04-07,"8,02967357635498",2019-04-09,"10,1056251525879",2018-04-09,"9,61558818817139",2017-04-07,"6,407310962677",2016-04-11,"4,68087339401245",2015-04-09,"5,07379627227783",2014-04-08,"4,01625490188599",2013-04-10,"3,82798290252686",2012-04-10,"3,34869790077209",2011-04-08,"3,83732223510742"
2021-04-13,"9,36875534057617",2020-04-08,"8,34298229217529",2019-04-10,"10,0545892715454",2018-04-10,"9,65919494628906",2017-04-10,"6,43423271179199",2016-04-12,"4,89673757553101",2015-04-10,"5,10775232315064",2014-04-09,"3,95277500152588",2013-04-11,"3,85023665428162",2012-04-11,"3,32604956626892",2011-04-11,"3,82190012931824"
2021-04-14,"9,43311595916748",2020-04-09,"8,27137184143066",2019-04-11,"9,92698860168457",2018-04-11,"9,65192794799805",2017-04-11,"6,4611554145813",2016-04-13,"4,91946125030518",2015-04-13,"5,1028995513916",2014-04-10,"3,99509644508362",2013-04-12,"3,78347158432007",2012-04-12,"3,46193766593933",2011-04-12,"3,79722285270691"
2021-04-15,"9,43311595916748",2020-04-13,"8,49516201019287",2019-04-12,"9,82491397857666",2018-04-12,"9,80455589294434",2017-04-12,"6,42750406265259",2016-04-14,"4,81720924377441",2015-04-14,"5,07864809036255",2014-04-11,"4,07127380371094",2013-04-15,"3,70557522773743",2012-04-13,"3,33575630187988",2011-04-13,"3,80956101417542"
2021-04-16,"9,46989059448242",2020-04-14,"8,59362983703613",2019-04-15,"9,80790138244629",2018-04-13,"9,59378147125244",2017-04-13,"6,26597404479981",2016-04-15,"4,89673757553101",2015-04-15,"5,15625953674316",2014-04-14,"4,02895212173462",2013-04-16,"3,78347158432007",2012-04-16,"3,32928538322449",2011-04-14,"3,73552823066711"
2021-04-19,"9,37794971466064",2020-04-15,"8,3250789642334",2019-04-16,"9,89296436309814",2018-04-16,"9,41934967041016",2017-04-17,"6,43423271179199",2016-04-18,"4,85697555541992",2015-04-16,"5,13200759887695",2014-04-15,"3,93161535263062",2013-04-17,"3,68702983856201",2012-04-17,"3,32928538322449",2011-04-15,"3,75712156295776"
2021-04-20,"9,39633655548096",2020-04-16,"8,07443237304688",2019-04-17,"9,75686073303223",2018-04-17,"9,59378147125244",2017-04-18,"6,48807764053345",2016-04-19,"4,85129165649414",2015-04-17,"5,07379627227783",2014-04-16,"3,98663234710693",2013-04-18,"3,56462144851685",2012-04-18,"3,30016446113586",2011-04-18,"3,72319054603577"
2021-04-22,"9,39633655548096",2020-04-17,"8,18184947967529",2019-04-18,"9,8589391708374",2018-04-18,"9,78275203704834",2017-04-19,"6,38039016723633",2016-04-20,"4,75472211837769",2015-04-20,"5,02044105529785",2014-04-17,"4,07973766326904",2013-04-19,"3,65364670753479",2012-04-19,"3,32928538322449",2011-04-19,"3,775630235672"
2021-04-23,"9,48827838897705",2020-04-20,"8,02967357635498",2019-04-22,"9,82491397857666",2018-04-19,"9,63012218475342",2017-04-20,"6,32654666900635",2016-04-22,"4,70927572250366",2015-04-22,"5,05924510955811",2014-04-22,"4,10513019561768",2013-04-22,"3,63139009475708",2012-04-20,"3,39722871780395",2011-04-20,"3,8527455329895"
2021-04-26,"9,44230842590332",2020-04-22,"8,02072143554688",2019-04-23,"10,0801076889038",2018-04-20,"9,55017566680908",2017-04-24,"6,48134517669678",2016-04-25,"4,65814971923828",2015-04-23,"5,11745405197144",2014-04-23,"4,08820104598999",2013-04-23,"3,65364670753479",2012-04-23,"3,34546303749084",2011-04-25,"3,82190012931824"
2021-04-27,"9,24003982543945",2020-04-23,"7,91330289840698",2019-04-24,"10,0801076889038",2018-04-23,"9,58651542663574",2017-04-25,"6,49480676651001",2016-04-26,"4,82856941223145",2015-04-24,"5,28722667694092",2014-04-24,"4,17707395553589",2013-04-24,"3,66848301887512",2012-04-24,"3,31310772895813",2011-04-26,"3,86508536338806"
2021-04-28,"9,58215045928955",2020-04-24,"7,51942729949951",2019-04-25,"10,2417268753052",2018-04-24,"9,56471157073975",2017-04-26,"6,47461557388306",2016-04-27,"4,94786643981934",2015-04-27,"5,24356937408447",2014-04-25,"4,17707395553589",2013-04-25,"3,68702983856201",2012-04-25,"3,12545013427734",2011-04-27,"3,79413652420044"
2021-04-29,"9,36102294921875",2020-04-27,"7,76112270355225",2019-04-26,"10,2247161865234",2018-04-25,"9,62285995483398",2017-04-27,"6,55537986755371",2016-04-28,"4,93650341033936",2015-04-28,"5,20961713790894",2014-04-28,"4,15168428421021",2013-04-26,"3,68702983856201",2012-04-26,"3,1416289806366",2011-04-28,"3,70159816741943"
2021-04-30,"9,28934383392334",2020-04-28,"8,30717658996582",2019-04-29,"10,0375728607178",2018-04-26,"9,93538093566895",2017-04-28,"6,65633296966553",2016-04-29,"4,91946125030518",2015-04-29,"5,18536376953125",2014-04-29,"4,16437816619873",2013-04-29,"3,56833219528198",2012-04-27,"3,1580057144165",2011-04-29,"3,74786639213562"
2021-05-03,"9,40938377380371",2020-04-29,"8,28927326202393",2019-04-30,"10,1311454772949",2018-04-27,"9,94991111755371",2017-05-02,"6,78421068191528",2016-05-02,"4,81152820587158",2015-04-30,"5,14655733108521",2014-04-30,"4,13898468017578",2013-04-30,"3,6944465637207",2012-04-30,"3,22929358482361",2011-05-02,"3,69225597381592"
2021-05-04,"9,16007041931152",2020-04-30,"8,05652904510498",2019-05-02,"10,1651706695557",2018-04-30,"9,89177322387695",2017-05-03,"6,71690988540649",2016-05-03,"4,54908227920532",2015-05-04,"5,19506406784058",2014-05-02,"4,13052272796631",2013-05-02,"3,6558723449707",2012-05-02,"3,22929358482361",2011-05-03,"3,59338474273682"
2021-05-05,"9,42785263061523",2020-05-04,"7,78797626495361",2019-05-03,"10,0120544433594",2018-05-02,"9,30306148529053",2017-05-04,"6,56210947036743",2016-05-04,"4,62406539916992",2015-05-05,"5,13297510147095",2014-05-05,"4,31546497344971",2013-05-03,"3,70891380310059",2012-05-03,"3,15087747573853",2011-05-04,"3,59647464752197"
2021-05-06,"9,41861915588379",2020-05-05,"7,97596311569214",2019-05-06,"9,73134231567383",2018-05-03,"9,04868030548096",2017-05-05,"6,74382972717285",2016-05-05,"4,57407712936401",2015-05-06,"5,07961893081665",2014-05-06,"4,30150079727173",2013-05-06,"3,70075225830078",2012-05-04,"3,10810446739197",2011-05-05,"3,62119221687317"
2021-05-07,"9,54789638519287",2020-05-06,"7,78797626495361",2019-05-07,"9,73134231567383",2018-05-04,"8,90331840515137",2017-05-08,"6,73036861419678",2016-05-06,"4,59282159805298",2015-05-07,"5,11163330078125",2014-05-07,"4,31546497344971",2013-05-07,"3,76195573806763",2012-05-07,"3,12236332893372",2011-05-06,"3,71079540252686"
2021-05-10,"9,64946937561035",2020-05-07,"7,42095899581909",2019-05-08,"9,81640720367432",2018-05-07,"8,9178581237793",2017-05-09,"6,75055932998657",2016-05-09,"4,65531063079834",2015-05-08,"5,18099737167358",2014-05-08,"4,25028944015503",2013-05-08,"3,83547806739807",2012-05-08,"3,13662075996399",2011-05-09,"3,80966782569885"
2021-05-11,"9,64946937561035",2020-05-08,"7,59999322891235",2019-05-09,"9,7738733291626",2018-05-08,"8,93965911865234",2017-05-10,"6,79767274856567",2016-05-10,"4,87401580810547",2015-05-11,"5,19700431823731",2014-05-09,"4,24097967147827",2013-05-09,"3,82314491271973",2012-05-09,"3,08315443992615",2011-05-10,"3,70770525932312"
2021-05-12,"9,46479034423828",2020-05-11,"7,53733062744141",2019-05-10,"9,73985004425049",2018-05-09,"8,96146392822266",2017-05-11,"6,9120888710022",2016-05-11,"4,8427734375",2015-05-12,"5,14898300170898",2014-05-12,"4,30615568161011",2013-05-10,"3,77792429924011",2012-05-10,"3,07959127426147",2011-05-11,"3,69843673706055"
2021-05-13,"9,63100147247314",2020-05-12,"7,32248878479004",2019-05-13,"9,56971836090088",2018-05-10,"9,25945568084717",2017-05-12,"6,93227767944336",2016-05-12,"4,89901113510132",2015-05-13,"5,05293941497803",2014-05-13,"4,27822113037109",2013-05-13,"3,71215009689331",2012-05-11,"3,13305592536926",2011-05-12,"3,70461511611938"
2021-05-14,"9,82491397857666",2020-05-13,"7,35829591751099",2019-05-14,"9,5867338180542",2018-05-11,"9,11409282684326",2017-05-15,"6,93227767944336",2016-05-13,"4,78653430938721",2015-05-14,"5,09562540054321",2014-05-14,"4,29684543609619",2013-05-14,"3,72037363052368",2012-05-14,"3,01899766921997",2011-05-13,"3,60574340820312"
2021-05-17,"9,83414649963379",2020-05-14,"7,62684679031372",2019-05-15,"9,56971836090088",2018-05-14,"8,98326778411865",2017-05-16,"6,9120888710022",2016-05-16,"4,76153945922852",2015-05-15,"5,14898300170898",2014-05-15,"4,26425647735596",2013-05-15,"3,78614568710327",2012-05-15,"3,02256107330322",2011-05-16,"3,54394865036011"
2021-05-18,"9,80644607543945",2020-05-15,"7,28668260574341",2019-05-16,"9,42511081695557",2018-05-15,"8,85971260070801",2017-05-17,"6,77748155593872",2016-05-17,"4,61156845092773",2015-05-18,"5,08495473861694",2014-05-16,"4,30615568161011",2013-05-16,"3,75736975669861",2012-05-16,"3,02256107330322",2011-05-17,"3,55939650535583"
2021-05-19,"9,91725254058838",2020-05-18,"7,64475107192993",2019-05-17,"9,42511081695557",2018-05-16,"8,94692897796631",2017-05-18,"6,12463617324829",2016-05-18,"4,61156845092773",2015-05-19,"5,00491905212402",2014-05-19,"4,26425647735596",2013-05-17,"3,80258941650391",2012-05-17,"2,85860109329224",2011-05-18,"3,51614189147949"
2021-05-20,"9,95418930053711",2020-05-19,"7,37619972229004",2019-05-20,"9,73134231567383",2018-05-17,"8,55445766448975",2017-05-19,"6,16501712799072",2016-05-19,"4,63656377792358",2015-05-20,"4,95689821243286",2014-05-20,"4,18511486053467",2013-05-20,"3,83136606216431",2012-05-18,"2,91206693649292",2011-05-19,"3,4852442741394"
2021-05-21,"10,0095911026001",2020-05-20,"7,38515043258667",2019-05-21,"10,0290670394897",2018-05-18,"8,43090057373047",2017-05-22,"5,99002742767334",2016-05-20,"4,58032608032227",2015-05-21,"4,94622659683228",2014-05-21,"4,08270120620728",2013-05-21,"3,8971426486969",2012-05-21,"2,91206693649292",2011-05-20,"3,46052575111389"
2021-05-24,"10,0280599594116",2020-05-21,"7,7790265083313",2019-05-22,"9,96952342987061",2018-05-21,"8,3800220489502",2017-05-23,"6,06406307220459",2016-05-23,"4,59282159805298",2015-05-22,"4,80216073989868",2014-05-22,"4,11528825759888",2013-05-22,"3,96702694892883",2012-05-22,"3,03681826591492",2011-05-23,"3,44507694244385"
2021-05-25,"9,97108268737793",2020-05-22,"7,93120431900024",2019-05-23,"9,93549633026123",2018-05-22,"8,7434253692627",2017-05-24,"6,06406307220459",2016-05-24,"4,54908227920532",2015-05-25,"4,8555178642273",2014-05-23,"4,08735466003418",2013-05-23,"3,91358494758606",2012-05-23,"3,02256107330322",2011-05-24,"3,53158831596375"
2021-05-26,"10,0635795593262",2020-05-25,"8,27137184143066",2019-05-24,"9,82491397857666",2018-05-23,"8,53991889953613",2017-05-25,"5,92272281646729",2016-05-25,"4,54283332824707",2015-05-26,"4,77548122406006",2014-05-26,"4,07804489135742",2013-05-24,"3,90536236763",2012-05-24,"2,97978973388672",2011-05-25,"3,50687193870544"
2021-05-27,"9,93408393859863",2020-05-26,"7,98491764068604",2019-05-27,"9,85043239593506",2018-05-24,"8,67801475524902",2017-05-26,"6,03713989257813",2016-05-27,"4,54283332824707",2015-05-27,"4,89286804199219",2014-05-27,"4,05011177062988",2013-05-27,"3,89303016662598",2012-05-25,"3,02256107330322",2011-05-26,"3,61501240730286"
2021-05-28,"10,100248336792",2020-05-27,"8,15499687194824",2019-05-28,"10,0971164703369",2018-05-25,"8,55445766448975",2017-05-29,"6,03713989257813",2016-05-30,"4,53658437728882",2015-05-28,"4,86618900299072",2014-05-28,"4,13856220245361",2013-05-28,"3,9300262928009",2012-05-28,"3,02969026565552",2011-05-27,"3,59647464752197"
2021-05-31,"10,0631828308105",2020-05-28,"8,05652904510498",2019-05-29,"10,3438024520874",2018-05-28,"8,19832515716553",2017-05-30,"6,07752227783203",2016-05-31,"4,46159839630127",2015-05-29,"4,70611715316772",2014-05-29,"4,07338809967041",2013-05-29,"3,82314491271973",2012-05-29,"3,00117421150208",2011-05-30,"3,57484674453735"
2021-06-01,"10,4623680114746",2020-05-29,"7,93120431900024",2019-05-30,"10,48841381073",2018-05-29,"8,14017963409424",2017-05-31,"6,02367973327637",2016-06-01,"4,55866003036499",2015-06-01,"4,70878791809082",2014-05-30,"3,9802839756012",2013-05-31,"3,86425280570984",2012-05-30,"2,95840311050415",2011-05-31,"3,6489999294281"
2021-06-02,"10,8058528900146",2020-06-01,"8,13755989074707",2019-05-31,"10,539454460144",2018-05-30,"8,16198348999023",2017-06-01,"5,89895915985107",2016-06-02,"4,57118129730225",2015-06-02,"4,85310173034668",2014-06-02,"4,01992177963257",2013-06-03,"3,82925534248352",2012-05-31,"3,1401846408844",2011-06-01,"3,60074400901794"
2021-06-04,"11,0472211837769",2020-06-02,"8,55924320220947",2019-06-03,"10,5820531845093",2018-06-01,"8,28570652008057",2017-06-02,"5,93266677856445",2016-06-03,"4,60249042510986",2015-06-03,"4,74620389938355",2014-06-03,"3,99660515785217",2013-06-04,"3,82101917266846",2012-06-01,"3,01700329780579",2011-06-02,"3,63476920127869"
2021-06-07,"11,1864709854126",2020-06-03,"8,80148696899414",2019-06-04,"10,6076145172119",2018-06-04,"8,54988193511963",2017-06-05,"5,90570020675659",2016-06-06,"4,53987598419189",2015-06-05,"4,59654903411865",2014-06-04,"3,98261523246765",2013-06-05,"3,70161271095276",2012-06-04,"2,98487162590027",2011-06-03,"3,63476920127869"
2021-06-08,"11,0843544006348",2020-06-04,"8,90017604827881",2019-06-05,"10,3520088195801",2018-06-05,"8,12559604644775",2017-06-06,"5,98660087585449",2016-06-07,"4,62127780914307",2015-06-08,"4,61258363723755",2014-06-05,"3,94997024536133",2013-06-06,"3,75102305412292",2012-06-05,"2,93845629692078",2011-06-06,"3,56052875518799"
2021-06-09,"11,1214876174927",2020-06-05,"9,00783920288086",2019-06-06,"10,4712886810303",2018-06-06,"8,01351737976074",2017-06-07,"6,08772468566895",2016-06-08,"4,70268201828003",2015-06-09,"4,62327337265015",2014-06-06,"4,07121992111206",2013-06-07,"3,69749450683594",2012-06-06,"3,0848433971405",2011-06-07,"3,60383725166321"
2021-06-10,"11,0657873153687",2020-06-08,"9,33083057403564",2019-06-07,"10,5650119781494",2018-06-07,"7,52518033981323",2017-06-08,"6,04053354263306",2016-06-09,"4,73399066925049",2015-06-10,"4,65534210205078",2014-06-09,"4,19713354110718",2013-06-10,"3,70984864234924",2012-06-08,"3,0669903755188",2011-06-08,"3,60383725166321"
2021-06-11,"10,8894023895264",2020-06-09,"9,29494190216064",2019-06-10,"10,4031286239624",2018-06-08,"7,54119300842285",2017-06-09,"5,93940830230713",2016-06-10,"4,48351669311523",2015-06-11,"4,58585834503174",2014-06-10,"4,22511529922485",2013-06-11,"3,59867644309998",2012-06-11,"3,08127212524414",2011-06-09,"3,56980848312378"
2021-06-14,"10,9451036453247",2020-06-10,"8,99886703491211",2019-06-11,"10,428689956665",2018-06-11,"7,36507177352905",2017-06-12,"5,93940830230713",2016-06-13,"4,52734899520874",2015-06-12,"4,57516860961914",2014-06-11,"4,31372165679932",2013-06-12,"3,59867644309998",2012-06-12,"3,14554023742676",2011-06-10,"3,53268814086914"
2021-06-15,"10,9729537963867",2020-06-12,"8,78353786468506",2019-06-12,"10,3775701522827",2018-06-12,"7,35706758499146",2017-06-13,"5,97985982894897",2016-06-14,"4,43968343734741",2015-06-15,"4,62327337265015",2014-06-13,"4,30439519882202",2013-06-13,"3,62338089942932",2012-06-13,"3,16339135169983",2011-06-13,"3,52959537506104"
2021-06-16,"11,0750713348389",2020-06-15,"8,57718658447266",2019-06-13,"10,2412481307983",2018-06-13,"7,30102777481079",2017-06-14,"6,04053354263306",2016-06-15,"4,43342208862305",2015-06-16,"4,77827262878418",2014-06-16,"4,28574085235596",2013-06-14,"3,52456164360046",2012-06-14,"3,16696310043335",2011-06-14,"3,57908892631531"
2021-06-17,"10,9729537963867",2020-06-16,"8,75662517547607",2019-06-14,"10,20716381073",2018-06-14,"7,06086206436157",2017-06-15,"6,04053354263306",2016-06-16,"4,53361129760742",2015-06-17,"4,703444480896",2014-06-17,"4,22511529922485",2013-06-17,"3,5369131565094",2012-06-15,"3,20980715751648",2011-06-15,"3,60074400901794"
2021-06-18,"10,8708353042603",2020-06-17,"8,90914535522461",2019-06-17,"10,1986455917358",2018-06-15,"7,13291072845459",2017-06-16,"6,07424354553223",2016-06-17,"4,4709906578064",2015-06-18,"4,84775495529175",2014-06-18,"4,28107690811157",2013-06-18,"3,5163266658783",2012-06-18,"3,20980715751648",2011-06-16,"3,57290148735046"
2021-06-21,"10,8986864089966",2020-06-18,"9,19625186920166",2019-06-18,"10,3946094512939",2018-06-18,"6,892746925354",2017-06-19,"6,08098459243774",2016-06-20,"4,54613542556763",2015-06-19,"4,76758289337158",2014-06-20,"4,23444223403931",2013-06-19,"3,45044684410095",2012-06-19,"3,26336359977722",2011-06-17,"3,55433988571167"
2021-06-22,"10,9822378158569",2020-06-19,"9,33980178833008",2019-06-19,"10,5479736328125",2018-06-19,"7,19695520401001",2017-06-20,"5,92592525482178",2016-06-21,"4,50230312347412",2015-06-22,"4,79430723190308",2014-06-23,"4,21112489700317",2013-06-20,"3,44633007049561",2012-06-20,"3,20980715751648",2011-06-20,"3,57908892631531"
2021-06-23,"10,8801202774048",2020-06-22,"9,10653114318848",2019-06-21,"10,7354145050049",2018-06-20,"7,34906053543091",2017-06-21,"5,89221858978272",2016-06-22,"4,46472883224487",2015-06-23,"4,79430723190308",2014-06-24,"4,21578931808472",2013-06-21,"3,42986083030701",2012-06-21,"3,07056045532227",2011-06-21,"3,55433988571167"
2021-06-24,"10,9172534942627",2020-06-23,"9,02578449249268",2019-06-24,"10,7780170440674",2018-06-21,"7,13291072845459",2017-06-22,"5,90570020675659",2016-06-23,"4,62754058837891",2015-06-24,"4,78361558914185",2014-06-25,"4,09453821182251",2013-06-24,"3,28986525535583",2012-06-22,"3,01700329780579",2011-06-22,"3,56671500205994"
2021-06-25,"10,657320022583",2020-06-24,"8,76559638977051",2019-06-25,"10,7183771133423",2018-06-22,"7,18894958496094",2017-06-23,"5,84502601623535",2016-06-24,"4,51482534408569",2015-06-25,"4,703444480896",2014-06-26,"4,07588529586792",2013-06-25,"3,30221819877625",2012-06-25,"2,88846969604492",2011-06-24,"3,55743503570557"
2021-06-28,"10,5459184646606",2020-06-25,"8,93606376647949",2019-06-26,"11,0591831207275",2018-06-25,"7,15692758560181",2017-06-26,"6,00008344650269",2016-06-27,"4,3770637512207",2015-06-26,"4,80499601364136",2014-06-27,"4,05722904205322",2013-06-26,"3,30221819877625",2012-06-26,"2,89918041229248",2011-06-27,"3,56671500205994"
2021-06-29,"10,4902172088623",2020-06-26,"8,66690540313721",2019-06-27,"11,0251016616821",2018-06-26,"7,27701044082642",2017-06-27,"5,88547515869141",2016-06-28,"4,50230312347412",2015-06-29,"4,74620389938355",2014-06-30,"4,05256748199463",2013-06-27,"3,35986423492432",2012-06-27,"2,92774367332458",2011-06-28,"3,66570544242859"
2021-06-30,"10,3509674072266",2020-06-29,"8,87326049804688",2019-06-28,"10,9825038909912",2018-06-27,"7,06086206436157",2017-06-28,"5,93940830230713",2016-06-29,"4,60875511169434",2015-06-30,"4,76223802566528",2014-07-01,"4,06189346313477",2013-06-28,"3,38045120239258",2012-06-28,"2,89204096794128",2011-06-29,"3,68735933303833"
2021-07-01,"10,3695335388184",2020-06-30,"8,60410213470459",2019-07-01,"11,0080623626709",2018-06-28,"7,23698282241821",2017-06-29,"6,02030897140503",2016-06-30,"4,75277757644653",2015-07-01,"4,75154781341553",2014-07-02,"4,0012698173523",2013-07-01,"3,40103459358215",2012-06-29,"3,03485703468323",2011-06-30,"3,70901370048523"
2021-07-02,"10,4252338409424",2020-07-01,"8,78353786468506",2019-07-02,"10,8887767791748",2018-06-29,"7,34906053543091",2017-06-30,"6,08098459243774",2016-07-01,"4,79661130905151",2015-07-02,"4,83172178268433",2014-07-03,"4,03391170501709",2013-07-02,"3,23633718490601",2012-07-02,"3,03842639923096",2011-07-01,"3,7182924747467"
2021-07-05,"10,2859830856323",2020-07-02,"8,92709159851074",2019-07-03,"11,0506620407104",2018-07-02,"7,429114818573",2017-07-03,"6,08098459243774",2016-07-04,"4,79034852981567",2015-07-03,"4,75154781341553",2014-07-04,"4,01526117324829",2013-07-03,"3,19516229629517",2012-07-03,"3,1134045124054",2011-07-04,"3,73376202583313"
2021-07-06,"10,2488498687744",2020-07-03,"8,94503784179688",2019-07-04,"11,2040243148804",2018-07-03,"7,67728900909424",2017-07-04,"6,07424354553223",2016-07-05,"4,73399066925049",2015-07-06,"4,70878791809082",2014-07-07,"4,05256748199463",2013-07-04,"3,2322211265564",2012-07-04,"3,1348283290863",2011-07-05,"3,72757363319397"
2021-07-07,"10,4252338409424",2020-07-06,"9,29494190216064",2019-07-05,"11,306266784668",2018-07-04,"7,74933815002441",2017-07-05,"6,13491773605347",2016-07-06,"4,70894336700439",2015-07-07,"4,68206548690796",2014-07-08,"4,02924966812134",2013-07-05,"3,19104528427124",2012-07-05,"3,16696310043335",2011-07-06,"3,6811728477478"
2021-07-08,"10,3695335388184",2020-07-07,"8,96298122406006",2019-07-08,"11,3147859573364",2018-07-05,"7,76534557342529",2017-07-06,"6,05401706695557",2016-07-07,"4,74651479721069",2015-07-08,"4,68206548690796",2014-07-10,"4,16915273666382",2013-07-08,"3,18692755699158",2012-07-06,"3,13839912414551",2011-07-07,"3,59455513954163"
2021-07-12,"10,5644855499268",2020-07-08,"9,12447643280029",2019-07-10,"11,3659076690674",2018-07-06,"7,7813572883606",2017-07-07,"6,04727458953857",2016-07-08,"4,88427829742432",2015-07-10,"4,79965019226074",2014-07-11,"4,16449069976807",2013-07-10,"3,21986818313599",2012-07-10,"2,97058796882629",2011-07-08,"3,52959537506104"
2021-07-13,"10,5273523330688",2020-07-09,"9,15139102935791",2019-07-11,"11,2466278076172",2018-07-10,"7,79736804962158",2017-07-10,"6,1012077331543",2016-07-11,"4,89054012298584",2015-07-13,"4,80499601364136",2014-07-14,"4,26242446899414",2013-07-11,"3,27339577674866",2012-07-11,"2,98844146728516",2011-07-11,"3,39967012405395"
2021-07-14,"10,5459184646606",2020-07-10,"9,17830753326416",2019-07-12,"11,0762233734131",2018-07-11,"7,82138395309448",2017-07-11,"6,18885087966919",2016-07-12,"4,81539630889893",2015-07-14,"4,80499601364136",2014-07-15,"4,29972982406616",2013-07-12,"3,25280809402466",2012-07-12,"3,02057576179504",2011-07-12,"3,32852149009705"
2021-07-15,"10,4623680114746",2020-07-13,"9,00783920288086",2019-07-15,"11,0336236953735",2018-07-12,"7,93346118927002",2017-07-12,"6,2023344039917",2016-07-13,"4,92810916900635",2015-07-15,"4,77292728424072",2014-07-16,"4,19713354110718",2013-07-15,"3,30633497238159",2012-07-13,"3,10626602172852",2011-07-13,"3,33470869064331"
2021-07-16,"10,3138341903687",2020-07-14,"9,11550521850586",2019-07-16,"10,9825038909912",2018-07-13,"8,10958576202393",2017-07-13,"6,22255849838257",2016-07-14,"5,14727640151978",2015-07-16,"4,77292728424072",2014-07-17,"4,21112489700317",2013-07-16,"3,33927440643311",2012-07-16,"3,10626602172852",2011-07-14,"3,25427961349487"
2021-07-19,"10,2302846908569",2020-07-15,"9,21419429779053",2019-07-17,"11,016583442688",2018-07-16,"8,15761661529541",2017-07-14,"6,20907545089722",2016-07-15,"5,12222814559937",2015-07-17,"4,703444480896",2014-07-18,"4,39300155639648",2013-07-17,"3,38868355751038",2012-07-17,"3,04913997650146",2011-07-15,"3,24809241294861"
2021-07-20,"10,3509674072266",2020-07-16,"9,10653114318848",2019-07-18,"11,2551441192627",2018-07-17,"8,31772804260254",2017-07-17,"6,18885087966919",2016-07-18,"5,23494291305542",2015-07-20,"4,71413469314575",2014-07-21,"4,41165447235107",2013-07-18,"3,38868355751038",2012-07-18,"3,13839912414551",2011-07-18,"3,21715807914734"
2021-07-21,"10,4159517288208",2020-07-17,"9,21419429779053",2019-07-19,"11,1188249588013",2018-07-18,"8,30972194671631",2017-07-18,"6,24278450012207",2016-07-19,"5,26625442504883",2015-07-21,"4,70878791809082",2014-07-22,"4,44430065155029",2013-07-19,"3,3763313293457",2012-07-19,"3,20266652107239",2011-07-19,"3,29140162467957"
2021-07-22,"10,2952671051025",2020-07-20,"9,34877681732178",2019-07-22,"11,2892274856567",2018-07-19,"8,42980289459229",2017-07-19,"6,18885087966919",2016-07-20,"5,24746704101563",2015-07-22,"4,63930749893189",2014-07-23,"4,4303092956543",2013-07-22,"3,44221186637878",2012-07-20,"3,17053318023682",2011-07-20,"3,29140162467957"
2021-07-23,"10,2859830856323",2020-07-21,"9,4384937286377",2019-07-23,"11,3488702774048",2018-07-20,"8,70199012756348",2017-07-20,"6,21581697463989",2016-07-21,"5,19737148284912",2015-07-23,"4,3987889289856",2014-07-24,"4,48160600662231",2013-07-23,"3,49985790252686",2012-07-23,"3,08127212524414",2011-07-21,"3,35327076911926"
2021-07-26,"10,3788175582886",2020-07-22,"9,4384937286377",2019-07-24,"11,3318290710449",2018-07-23,"8,48584270477295",2017-07-21,"6,2023344039917",2016-07-22,"5,2098970413208",2015-07-24,"4,27585792541504",2014-07-25,"4,47228097915649",2013-07-24,"3,45868301391602",2012-07-24,"3,20266652107239",2011-07-22,"3,35636377334595"
2021-07-27,"10,4438009262085",2020-07-23,"9,30391597747803",2019-07-25,"10,9910221099854",2018-07-24,"8,50185298919678",2017-07-24,"6,2023344039917",2016-07-25,"5,18485021591187",2015-07-27,"4,27585792541504",2014-07-28,"4,45362663269043",2013-07-25,"3,45868301391602",2012-07-25,"3,21337723731995",2011-07-25,"3,28521347045898"
2021-07-28,"10,7223033905029",2020-07-24,"9,37568950653076",2019-07-26,"11,0847444534302",2018-07-25,"8,77404022216797",2017-07-25,"6,25626707077026",2016-07-26,"5,13475179672241",2015-07-28,"4,3186182975769",2014-07-29,"4,4582896232605",2013-07-26,"3,45868301391602",2012-07-26,"3,3133499622345",2011-07-26,"3,2419068813324"
2021-07-29,"10,6201868057251",2020-07-27,"9,88709163665772",2019-07-29,"11,0677051544189",2018-07-26,"8,62193584442139",2017-07-26,"6,1821084022522",2016-07-27,"5,21615695953369",2015-07-29,"4,40947723388672",2014-07-30,"4,4582896232605",2013-07-29,"3,45868301391602",2012-07-27,"3,46330666542053",2011-07-27,"3,17075777053833"
2021-07-30,"10,3695335388184",2020-07-28,"9,76148223876953",2019-07-30,"10,8887767791748",2018-07-27,"8,59791851043701",2017-07-27,"6,22930145263672",2016-07-28,"5,15353870391846",2015-07-30,"4,3506875038147",2014-07-31,"4,42564630508423",2013-07-30,"3,46691656112671",2012-07-30,"3,5347146987915",2011-07-28,"3,17075777053833"
2021-08-02,"10,5737686157227",2020-07-29,"9,98578453063965",2019-07-31,"10,6246547698975",2018-07-30,"8,68598175048828",2017-07-28,"6,22930145263672",2016-07-29,"5,23494291305542",2015-07-31,"4,48965263366699",2014-08-01,"4,37901115417481",2013-07-31,"3,44633007049561",2012-07-31,"3,43117308616638",2011-07-29,"3,17385077476501"
2021-08-03,"10,7037363052368",2020-07-30,"9,78840160369873",2019-08-01,"10,6928157806396",2018-07-31,"8,34174346923828",2017-07-31,"6,23604345321655",2016-08-01,"5,17232513427734",2015-08-03,"4,5056848526001",2014-08-04,"4,4303092956543",2013-08-01,"3,55750155448914",2012-08-01,"3,41689229011536",2011-08-01,"3,19241237640381"
2021-08-04,"10,4623680114746",2020-07-31,"9,57307147979736",2019-08-02,"10,616135597229",2018-08-01,"8,52587223052979",2017-08-01,"6,43829393386841",2016-08-02,"5,2036337852478",2015-08-04,"4,38275623321533",2014-08-05,"4,48627090454102",2013-08-02,"3,56161975860596",2012-08-02,"3,34905433654785",2011-08-02,"3,02536511421204"
2021-08-05,"10,4902172088623",2020-08-03,"9,59998989105225",2019-08-05,"10,4457302093506",2018-08-02,"8,57390308380127",2017-08-02,"6,512451171875",2016-08-03,"5,4102783203125",2015-08-05,"4,36672067642212",2014-08-06,"4,48627090454102",2013-08-05,"3,5163266658783",2012-08-03,"3,47758793830872",2011-08-03,"2,97587156295776"
2021-08-06,"10,6851673126221",2020-08-04,"9,16036128997803",2019-08-06,"10,7865381240845",2018-08-03,"8,83007717132568",2017-08-03,"6,49896955490112",2016-08-04,"5,42279958724976",2015-08-06,"4,27585792541504",2014-08-07,"4,4303092956543",2013-08-06,"3,41338992118835",2012-08-06,"3,53828573226929",2011-08-04,"2,86760187149048"
2021-08-09,"10,7315855026245",2020-08-05,"9,15139102935791",2019-08-07,"11,0677051544189",2018-08-06,"8,70199012756348",2017-08-04,"6,47874402999878",2016-08-05,"5,40401411056519",2015-08-07,"4,14223766326904",2014-08-08,"4,40232849121094",2013-08-07,"3,4096531867981",2012-08-07,"3,53828573226929",2011-08-05,"2,88306927680969"
2021-08-10,"10,6480350494385",2020-08-06,"9,25905704498291",2019-08-08,"11,1784677505493",2018-08-07,"8,68598175048828",2017-08-07,"6,6203179359436",2016-08-08,"5,36644315719605",2015-08-10,"4,19568729400635",2014-08-11,"4,48627090454102",2013-08-08,"3,49271368980408",2012-08-08,"3,53828573226929",2011-08-08,"2,56754040718079"
2021-08-11,"10,8058528900146",2020-08-07,"9,16036128997803",2019-08-09,"11,1273431777954",2018-08-08,"8,50185298919678",2017-08-08,"6,62705898284912",2016-08-09,"5,36018180847168",2015-08-11,"4,14223766326904",2014-08-12,"4,48627090454102",2013-08-09,"3,50932550430298",2012-08-09,"3,59898209571838",2011-08-09,"2,73767828941345"
2021-08-12,"10,6201868057251",2020-08-10,"9,29494190216064",2019-08-12,"10,7354145050049",2018-08-09,"8,33373737335205",2017-08-09,"6,60009336471558",2016-08-10,"5,29129981994629",2015-08-12,"4,12620353698731",2014-08-13,"4,38367557525635",2013-08-12,"3,58823323249817",2012-08-10,"3,59898209571838",2011-08-10,"2,71208691596985"
2021-08-13,"10,6851673126221",2020-08-11,"9,15139102935791",2019-08-13,"11,0080623626709",2018-08-10,"8,01351737976074",2017-08-10,"6,55290079116821",2016-08-11,"5,44158458709717",2015-08-13,"4,0972843170166",2014-08-14,"4,46459102630615",2013-08-13,"3,62145805358887",2012-08-13,"3,61326456069946",2011-08-11,"2,80571484565735"
2021-08-16,"10,5895547866821",2020-08-12,"9,07064151763916",2019-08-14,"10,8632202148438",2018-08-13,"7,97348928451538",2017-08-11,"6,58660936355591",2016-08-12,"5,44784784317017",2015-08-14,"4,08647394180298",2014-08-15,"4,56338739395142",2013-08-14,"3,56331539154053",2012-08-14,"3,5668478012085",2011-08-12,"2,84940910339355"
2021-08-17,"10,4498519897461",2020-08-13,"8,84634304046631",2019-08-15,"10,9058208465576",2018-08-14,"8,16562366485596",2017-08-14,"6,68099212646484",2016-08-15,"5,54200410842896",2015-08-17,"4,05944871902466",2014-08-18,"4,62925004959106",2013-08-15,"3,55085587501526",2012-08-15,"3,59541368484497",2011-08-15,"2,93367314338684"
2021-08-18,"10,4777917861938",2020-08-14,"8,90914535522461",2019-08-16,"10,9500198364258",2018-08-15,"8,14961051940918",2017-08-15,"6,71429109573364",2016-08-16,"5,48513126373291",2015-08-18,"4,027015209198",2014-08-19,"4,73745584487915",2013-08-16,"3,48856139183044",2012-08-16,"3,64897012710571",2011-08-16,"2,89934206008911"
2021-08-19,"10,3939695358276",2020-08-17,"8,63998794555664",2019-08-19,"10,7574548721313",2018-08-16,"8,06955528259277",2017-08-16,"6,7210865020752",2016-08-17,"5,57360219955444",2015-08-19,"3,96755695343018",2014-08-20,"4,76568269729614",2013-08-19,"3,44702839851379",2012-08-17,"3,65610933303833",2011-08-17,"2,99296975135803"
2021-08-20,"10,41259765625",2020-08-18,"8,81081199645996",2019-08-20,"10,5911502838135",2018-08-17,"7,96548557281494",2017-08-17,"6,66672134399414",2016-08-18,"5,59887886047363",2015-08-20,"3,9567449092865",2014-08-21,"4,78450107574463",2013-08-20,"3,41795682907104",2012-08-20,"3,6418297290802",2011-08-18,"2,84316515922546"
2021-08-23,"10,4591665267944",2020-08-19,"8,747878074646",2019-08-21,"10,7224445343018",2018-08-20,"7,94814729690552",2017-08-18,"6,75506830215454",2016-08-19,"5,54832458496094",2015-08-21,"3,92431163787842",2014-08-22,"4,73274946212769",2013-08-21,"3,40549850463867",2012-08-21,"3,60612487792969",2011-08-19,"2,77762746810913"
2021-08-24,"10,6826915740967",2020-08-20,"8,69393253326416",2019-08-22,"10,5473833084106",2018-08-21,"7,76825284957886",2017-08-21,"6,74827003479004",2016-08-22,"5,39666271209717",2015-08-24,"3,84323167800903",2014-08-25,"4,85036373138428",2013-08-22,"3,40549850463867",2012-08-22,"3,60255360603333",2011-08-22,"2,70896577835083"
2021-08-25,"10,7013187408447",2020-08-21,"8,747878074646",2019-08-23,"10,398585319519",2018-08-22,"7,93997001647949",2017-08-22,"6,81622982025147",2016-08-23,"5,40298271179199",2015-08-25,"3,848637342453",2014-08-26,"4,8927059173584",2013-08-23,"3,52178454399109",2012-08-23,"3,57755970954895",2011-08-23,"2,73705410957336"
2021-08-26,"10,4312238693237",2020-08-24,"8,83778095245361",2019-08-26,"10,3548192977905",2018-08-23,"7,72736644744873",2017-08-23,"6,95894193649292",2016-08-24,"5,38402366638184",2015-08-26,"4,07566213607788",2014-08-27,"5,03384017944336",2013-08-26,"3,42211055755615",2012-08-24,"3,57398962974548",2011-08-24,"2,74953722953796"
2021-08-27,"10,6174974441528",2020-08-25,"8,76585865020752",2019-08-27,"10,5211248397827",2018-08-24,"7,76007556915283",2017-08-24,"7,01330852508545",2016-08-25,"5,37138366699219",2015-08-27,"4,19998836517334",2014-08-28,"5,00090789794922",2013-08-27,"3,36396789550781",2012-08-27,"3,52400469779968",2011-08-25,"2,76202130317688"
2021-08-30,"10,5429878234863",2020-08-26,"8,6586389541626",2019-08-28,"10,6786794662476",2018-08-27,"7,98085451126099",2017-08-25,"6,99971532821655",2016-08-26,"5,42194128036499",2015-08-28,"4,06485271453857",2014-08-29,"5,15145349502564",2013-08-28,"3,37227559089661",2012-08-28,"3,51686477661133",2011-08-26,"2,80259466171265"
2021-08-31,"10,7665147781372",2020-08-27,"8,73071956634522",2019-08-29,"10,7311983108521",2018-08-28,"7,85002517700195",2017-08-28,"6,98612594604492",2016-08-29,"5,50408840179443",2015-08-31,"3,93512439727783",2014-09-01,"5,18207311630249",2013-08-29,"3,39719319343567",2012-08-29,"3,43474459648132",2011-08-29,"2,89934206008911"
2021-09-01,"10,8784713745117",2020-08-28,"8,81181049346924",2019-08-30,"10,7574548721313",2018-08-29,"8,07080459594727",2017-08-29,"7,04049301147461",2016-08-30,"5,51672744750977",2015-09-01,"3,90533137321472",2014-09-02,"5,27629470825195",2013-08-30,"3,47610139846802",2012-08-30,"3,42046093940735",2011-08-30,"2,91806793212891"
2021-09-02,"10,5146112442017",2020-08-31,"8,49645900726318",2019-09-02,"10,643482208252",2018-08-30,"7,711012840271",2017-08-30,"7,047287940979",2016-08-31,"5,43457746505737",2015-09-02,"3,93241453170776",2014-09-03,"5,24802827835083",2013-09-02,"3,50730514526367",2012-08-31,"3,3383424282074",2011-08-31,"2,98984885215759"
2021-09-03,"10,4959506988525",2020-09-01,"8,77636241912842",2019-09-03,"10,476902961731",2018-08-31,"7,84184885025024",2017-08-31,"6,93175792694092",2016-09-01,"5,48205518722534",2015-09-03,"4,05157947540283",2014-09-04,"5,13025283813477",2013-09-03,"3,43657422065735",2012-09-03,"3,36874008178711",2011-09-01,"3,1598756313324"
2021-09-06,"10,6918754577637",2020-09-02,"8,65898418426514",2019-09-04,"10,643482208252",2018-09-03,"7,7558536529541",2017-09-01,"7,06447124481201",2016-09-02,"5,55801916122437",2015-09-04,"3,95408129692078",2014-09-05,"5,13496494293213",2013-09-04,"3,44489789009094",2012-09-04,"3,30794525146484",2011-09-02,"3,08173847198486"
2021-09-08,"10,1880712509155",2020-09-03,"8,83956623077393",2019-09-05,"11,029242515564",2018-09-04,"7,66576528549194",2017-09-04,"7,03724908828735",2016-09-05,"5,53902912139893",2015-09-08,"3,97574758529663",2014-09-08,"5,01247787475586",2013-09-05,"3,49066209793091",2012-09-05,"3,32940125465393",2011-09-05,"2,9692211151123"
2021-09-09,"10,3933248519897",2020-09-04,"8,82150840759277",2019-09-06,"11,3536319732666",2018-09-05,"7,66576528549194",2017-09-05,"7,07808542251587",2016-09-06,"5,58333969116211",2015-09-09,"4,01907968521118",2014-09-09,"4,96065759658814",2013-09-06,"3,55723166465759",2012-09-06,"3,42953324317932",2011-09-06,"3,04423379898071"
2021-09-10,"10,2440490722656",2020-09-08,"8,70412921905518",2019-09-09,"11,4939079284668",2018-09-06,"7,94421768188477",2017-09-06,"7,27545404434204",2016-09-08,"5,50737476348877",2015-09-10,"3,89991426467896",2014-09-10,"4,90883731842041",2013-09-09,"3,62796068191528",2012-09-10,"3,42953324317932",2011-09-08,"3,07548785209656"
2021-09-13,"10,3839960098267",2020-09-09,"8,74024391174316",2019-09-10,"11,3799343109131",2018-09-10,"7,93603277206421",2017-09-07,"7,27545404434204",2016-09-09,"5,25416374206543",2015-09-11,"4,00824689865112",2014-09-11,"4,90412616729736",2013-09-10,"3,64044189453125",2012-09-11,"3,42953324317932",2011-09-09,"2,97859740257263"
2021-09-14,"10,3186864852905",2020-09-10,"8,54160404205322",2019-09-11,"11,3448648452759",2018-09-11,"7,60843467712402",2017-09-08,"7,29587268829346",2016-09-12,"5,2984766960144",2015-09-14,"4,20324277877808",2014-09-12,"4,73453235626221",2013-09-11,"3,63628053665161",2012-09-12,"3,42953324317932",2011-09-12,"2,92546463012695"
2021-09-15,"10,3186864852905",2020-09-11,"8,37005043029785",2019-09-12,"11,4939079284668",2018-09-12,"7,65757369995117",2017-09-11,"7,39115428924561",2016-09-13,"5,27315425872803",2015-09-15,"4,17615938186646",2014-09-15,"4,82403993606567",2013-09-12,"3,62796068191528",2012-09-13,"3,64052963256836",2011-09-13,"2,89108514785767"
2021-09-16,"10,3746662139893",2020-09-14,"8,4693717956543",2019-09-13,"11,5377445220947",2018-09-13,"7,70671081542969",2017-09-12,"7,42518186569214",2016-09-14,"5,21618223190308",2015-09-16,"4,26282358169556",2014-09-16,"4,97479152679443",2013-09-13,"3,64044189453125",2012-09-14,"3,64052963256836",2011-09-14,"2,93796634674072"
2021-09-17,"10,1507520675659",2020-09-15,"8,36102199554443",2019-09-16,"11,5026760101318",2018-09-14,"7,8868899345398",2017-09-13,"7,44560194015503",2016-09-15,"5,33645820617676",2015-09-17,"4,27365589141846",2014-09-17,"4,98421239852905",2013-09-16,"3,64460039138794",2012-09-17,"3,61907029151916",2011-09-15,"2,9848484992981"
2021-09-20,"9,97348785400391",2020-09-16,"8,36102199554443",2019-09-17,"11,5552778244019",2018-09-17,"8,00973892211914",2017-09-14,"7,47282361984253",2016-09-16,"5,27315425872803",2015-09-18,"4,08949518203735",2014-09-18,"4,9889235496521",2013-09-17,"3,71533012390137",2012-09-18,"3,54754829406738",2011-09-16,"3,00672745704651"
2021-09-21,"9,92683887481689",2020-09-17,"8,35199069976807",2019-09-18,"11,5728139877319",2018-09-18,"8,11620712280273",2017-09-15,"7,63616561889648",2016-09-19,"5,2858157157898",2015-09-21,"3,98657941818237",2014-09-19,"4,81932830810547",2013-09-18,"3,81934094429016",2012-09-19,"3,53681945800781",2011-09-19,"3,00985217094421"
2021-09-22,"10,122763633728",2020-09-18,"8,11723327636719",2019-09-19,"11,4676065444946",2018-09-19,"8,10801792144775",2017-09-18,"7,6838059425354",2016-09-20,"5,31746530532837",2015-09-22,"4,03532886505127",2014-09-22,"4,77221965789795",2013-09-19,"3,80686140060425",2012-09-20,"3,51178503036499",2011-09-20,"2,99109983444214"
2021-09-23,"10,3839960098267",2020-09-21,"8,10820484161377",2019-09-20,"11,6078834533691",2018-09-20,"7,99335956573486",2017-09-19,"7,65658044815064",2016-09-21,"5,34911918640137",2015-09-23,"3,89991426467896",2014-09-23,"4,71097755432129",2013-09-20,"3,69036531448364",2012-09-21,"3,54397106170654",2011-09-21,"2,98172235488892"
2021-09-24,"10,2347202301025",2020-09-22,"8,10820484161377",2019-09-23,"11,485143661499",2018-09-21,"8,0834493637085",2017-09-20,"7,5817174911499",2016-09-22,"5,43141269683838",2015-09-24,"3,8728334903717",2014-09-24,"4,73924112319946",2013-09-23,"3,76109647750854",2012-09-24,"3,53324317932129",2011-09-22,"2,84732699394226"
2021-09-27,"10,4959506988525",2020-09-23,"7,94567918777466",2019-09-24,"11,4500722885132",2018-09-24,"7,85412979125977",2017-09-21,"7,58852338790894",2016-09-23,"5,38710117340088",2015-09-25,"3,79158544540405",2014-09-25,"4,60262441635132",2013-09-24,"3,74861526489258",2012-09-25,"3,31867384910583",2011-09-23,"2,83169960975647"
2021-09-28,"10,2906970977783",2020-09-24,"8,15335083007813",2019-09-25,"11,520209312439",2018-09-25,"7,91965198516846",2017-09-22,"7,57491207122803",2016-09-26,"5,32379817962647",2015-09-28,"3,80241775512695",2014-09-26,"4,77221965789795",2013-09-25,"3,74861526489258",2012-09-26,"3,36158680915833",2011-09-26,"2,87233138084412"
2021-09-29,"10,4866218566895",2020-09-25,"8,14432334899902",2019-09-26,"11,7656946182251",2018-09-26,"7,99335956573486",2017-09-25,"7,49324321746826",2016-09-27,"5,39975929260254",2015-09-29,"3,80241775512695",2014-09-29,"4,45658159255981",2013-09-26,"3,73613119125366",2012-09-27,"3,30436825752258",2011-09-27,"2,98797416687012"
2021-09-30,"10,3933248519897",2020-09-28,"8,09917640686035",2019-09-27,"11,7393941879272",2018-09-27,"8,23086833953857",2017-09-26,"7,48643636703491",2016-09-28,"5,4567346572876",2015-09-30,"3,86741638183594",2014-09-30,"4,36707592010498",2013-09-27,"3,82766485214233",2012-09-28,"3,22926950454712",2011-09-28,"2,9692211151123"
2021-10-01,"10,6545581817627",2020-09-29,"7,96373844146729",2019-09-30,"11,5552778244019",2018-09-28,"8,27181625366211",2017-09-27,"7,37754058837891",2016-09-29,"5,2984766960144",2015-10-01,"3,9107494354248",2014-10-01,"4,23516845703125",2013-09-30,"3,74445414543152",2012-10-01,"3,27218341827393",2011-09-29,"2,98797416687012"
2021-10-04,"10,4119844436646",2020-09-30,"7,94567918777466",2019-10-01,"11,3536319732666",2018-10-01,"8,18172740936279",2017-09-28,"7,36392831802368",2016-09-30,"5,27948617935181",2015-10-02,"4,01907968521118",2014-10-02,"4,34351873397827",2013-10-01,"3,78189826011658",2012-10-02,"3,26503252983093",2011-09-30,"2,97859740257263"
2021-10-05,"10,5705909729004",2020-10-01,"8,03597068786621",2019-10-02,"11,090615272522",2018-10-02,"8,51751327514648",2017-09-29,"7,5068531036377",2016-10-03,"5,37443971633911",2015-10-05,"4,11116123199463",2014-10-03,"4,4377384185791",2013-10-02,"3,75277519226074",2012-10-03,"3,21138739585876",2011-10-03,"2,92233896255493"
2021-10-06,"10,6079092025757",2020-10-02,"8,05402946472168",2019-10-03,"10,9591045379639",2018-10-03,"8,79597282409668",2017-10-02,"7,45921564102173",2016-10-04,"5,2984766960144",2015-10-06,"4,17074203491211",2014-10-06,"4,72981929779053",2013-10-03,"3,74029231071472",2012-10-04,"3,22211599349976",2011-10-04,"2,86608028411865"
2021-10-07,"10,4026546478271",2020-10-05,"8,09014701843262",2019-10-04,"10,9678716659546",2018-10-04,"8,73045444488525",2017-10-03,"7,75186634063721",2016-10-05,"5,36810970306397",2015-10-07,"4,30074071884155",2014-10-07,"4,74395322799683",2013-10-04,"3,74445414543152",2012-10-05,"3,25072598457336",2011-10-05,"2,91921281814575"
2021-10-08,"10,561261177063",2020-10-06,"8,10820484161377",2019-10-07,"10,6785526275635",2018-10-05,"8,62398242950439",2017-10-04,"7,69741725921631",2016-10-06,"5,4567346572876",2015-10-08,"4,31698942184448",2014-10-08,"4,68742084503174",2013-10-07,"3,75693416595459",2012-10-08,"3,25787782669067",2011-10-06,"2,98172235488892"
2021-10-11,"10,4026546478271",2020-10-07,"8,03597068786621",2019-10-08,"10,643482208252",2018-10-08,"9,14813613891602",2017-10-05,"7,74505758285522",2016-10-07,"5,52003622055054",2015-10-09,"4,3494873046875",2014-10-09,"4,71568632125855",2013-10-08,"3,74445414543152",2012-10-09,"3,17920279502869",2011-10-07,"2,93171453475952"
2021-10-13,"10,421314239502",2020-10-08,"8,42422580718994",2019-10-09,"10,8100605010986",2018-10-09,"9,07442760467529",2017-10-06,"7,7110276222229",2016-10-10,"5,60233163833618",2015-10-13,"4,18157577514648",2014-10-10,"4,53196001052856",2013-10-09,"3,77773785591125",2012-10-10,"3,10410404205322",2011-10-10,"3,05673360824585"
2021-10-14,"10,30002784729",2020-10-09,"8,45131206512451",2019-10-10,"10,8977346420288",2018-10-10,"8,85329914093018",2017-10-09,"7,59532880783081",2016-10-11,"5,54535818099976",2015-10-14,"4,08407926559448",2014-10-13,"4,82875108718872",2013-10-10,"3,81518316268921",2012-10-11,"3,15417003631592",2011-10-11,"3,11924529075623"
2021-10-15,"10,4959506988525",2020-10-13,"8,41519737243652",2019-10-11,"11,1344509124756",2018-10-11,"8,80416011810303",2017-10-10,"7,75186634063721",2016-10-13,"5,54535818099976",2015-10-15,"4,06782865524292",2014-10-14,"4,89470434188843",2013-10-11,"3,78189826011658",2012-10-15,"3,17562747001648",2011-10-13,"3,1598756313324"
2021-10-18,"10,5705909729004",2020-10-14,"8,38810920715332",2019-10-14,"11,3185625076294",2018-10-15,"8,86148929595947",2017-10-11,"7,73144674301147",2016-10-14,"5,63398408889771",2015-10-16,"3,99741435050964",2014-10-15,"4,71097755432129",2013-10-14,"3,79437851905823",2012-10-16,"3,18635535240173",2011-10-14,"3,18800687789917"
2021-10-19,"10,1787424087524",2020-10-15,"8,35199069976807",2019-10-15,"11,3360986709595",2018-10-16,"9,23003768920898",2017-10-12,"7,73144674301147",2016-10-17,"5,68462610244751",2015-10-19,"4,07324600219727",2014-10-16,"4,54138231277466",2013-10-15,"3,81934094429016",2012-10-17,"3,17205166816711",2011-10-17,"3,17862915992737"
2021-10-20,"10,3933248519897",2020-10-16,"8,18946743011475",2019-10-16,"11,5465135574341",2018-10-17,"9,14813613891602",2017-10-13,"7,72463989257813",2016-10-18,"5,76058912277222",2015-10-20,"4,01907968521118",2014-10-17,"4,68742084503174",2013-10-16,"3,84014654159546",2012-10-18,"3,18277859687805",2011-10-18,"3,17862915992737"
2021-10-21,"10,113431930542",2020-10-19,"8,32490634918213",2019-10-17,"11,5289764404297",2018-10-18,"8,8696813583374",2017-10-16,"7,69061088562012",2016-10-19,"5,72260618209839",2015-10-21,"4,01366376876831",2014-10-20,"4,59320402145386",2013-10-17,"3,86094665527344",2012-10-19,"3,16489768028259",2011-10-19,"3,25364303588867"
2021-10-22,"9,82421112060547",2020-10-20,"8,57772064208984",2019-10-18,"11,4588413238525",2018-10-19,"8,85329914093018",2017-10-17,"7,60213470458984",2016-10-20,"5,74793004989624",2015-10-22,"4,07324600219727",2014-10-21,"4,31054449081421",2013-10-18,"3,92335534095764",2012-10-22,"3,12913513183594",2011-10-20,"3,2286365032196"
2021-10-25,"9,95482730865479",2020-10-21,"8,6138391494751",2019-10-21,"11,625415802002",2018-10-22,"8,99252605438232",2017-10-18,"7,63616561889648",2016-10-21,"5,70361614227295",2015-10-23,"4,0461630821228",2014-10-22,"4,28698778152466",2013-10-21,"3,86926817893982",2012-10-23,"3,02900552749634",2011-10-21,"3,2598922252655"
2021-10-26,"9,76823329925537",2020-10-22,"8,93888664245606",2019-10-22,"11,8884353637695",2018-10-23,"8,97614860534668",2017-10-19,"7,58852338790894",2016-10-24,"5,67196273803711",2015-10-26,"3,98657941818237",2014-10-23,"4,09854984283447",2013-10-22,"3,89007210731506",2012-10-24,"3,1684741973877",2011-10-24,"3,32865357398987"
2021-10-27,"9,81488132476807",2020-10-23,"8,88471126556397",2019-10-23,"11,9761095046997",2018-10-24,"8,76321125030518",2017-10-20,"7,58852338790894",2016-10-25,"5,59600067138672",2015-10-27,"3,95408129692078",2014-10-24,"4,22103500366211",2013-10-23,"3,82766485214233",2012-10-25,"3,21138739585876",2011-10-25,"3,32865357398987"
2021-10-28,"9,76823329925537",2020-10-26,"8,94791793823242",2019-10-24,"11,967342376709",2018-10-25,"8,86148929595947",2017-10-23,"7,41157102584839",2016-10-26,"5,60866165161133",2015-10-28,"3,92699670791626",2014-10-27,"4,1550817489624",2013-10-24,"3,81934094429016",2012-10-26,"3,1684741973877",2011-10-26,"3,32865357398987"
2021-10-29,"9,56297779083252",2020-10-27,"8,69509887695313",2019-10-25,"12,0900831222534",2018-10-26,"9,04166698455811",2017-10-24,"7,57491207122803",2016-10-27,"5,72893714904785",2015-10-29,"3,86741638183594",2014-10-28,"4,31525421142578",2013-10-25,"3,8027012348175",2012-10-29,"3,17562747001648",2011-10-27,"3,32865357398987"
2021-11-01,"9,80555152893066",2020-10-28,"8,28878974914551",2019-10-28,"12,1952896118164",2018-10-29,"8,91881847381592",2017-10-25,"7,69061088562012",2016-10-28,"5,7415976524353",2015-10-30,"3,89991426467896",2014-10-29,"4,18334770202637",2013-10-28,"3,86094665527344",2012-10-30,"3,20781254768372",2011-10-28,"3,4005401134491"
2021-11-03,"9,88951969146729",2020-10-29,"8,33393478393555",2019-10-29,"12,0813159942627",2018-10-30,"9,26279544830322",2017-10-26,"7,60894060134888",2016-10-31,"5,97582101821899",2015-11-03,"4,06782865524292",2014-10-30,"4,50369358062744",2013-10-29,"4,00656604766846",2012-10-31,"3,18277859687805",2011-10-31,"3,37553811073303"
2021-11-04,"9,56297779083252",2020-10-30,"8,2075252532959",2019-10-30,"12,2303609848022",2018-10-31,"9,20546722412109",2017-10-27,"7,58852338790894",2016-11-01,"5,84288263320923",2015-11-04,"4,09491205215454",2014-10-31,"4,65915536880493",2013-10-30,"3,99824333190918",2012-11-01,"3,32582688331604",2011-11-01,"3,29427289962769"
2021-11-05,"9,48834037780762",2020-11-03,"8,28878974914551",2019-10-31,"12,0199432373047",2018-11-01,"9,33650493621826",2017-10-30,"7,37754058837891",2016-11-03,"5,72893714904785",2015-11-05,"4,15991020202637",2014-11-03,"4,63560152053833",2013-10-31,"4,01488637924194",2012-11-05,"3,31152105331421",2011-11-03,"3,32240343093872"
2021-11-08,"9,46968078613281",2020-11-04,"8,47840023040772",2019-11-01,"12,0637826919556",2018-11-05,"9,41840553283691",2017-10-31,"7,1325306892395",2016-11-04,"5,84288263320923",2015-11-06,"4,06241416931152",2014-11-04,"4,72039651870728",2013-11-01,"3,97328090667725",2012-11-06,"3,34370636940002",2011-11-04,"3,33490443229675"
2021-11-09,"9,3670539855957",2020-11-05,"8,83053874969482",2019-11-04,"12,1865253448486",2018-11-06,"9,45935535430908",2017-11-01,"7,07808542251587",2016-11-07,"5,98214960098267",2015-11-09,"3,9811646938324",2014-11-05,"4,69213342666626",2013-11-04,"3,98160362243652",2012-11-07,"3,26145601272583",2011-11-07,"3,35053324699402"
2021-11-10,"9,58163833618164",2020-11-06,"8,8756856918335",2019-11-05,"12,3355674743652",2018-11-07,"9,50030422210693",2017-11-02,"7,07808542251587",2016-11-08,"6,01380157470703",2015-11-10,"3,9811646938324",2014-11-06,"4,51782703399658",2013-11-05,"3,95247912406921",2012-11-08,"3,19350671768188",2011-11-08,"3,34428000450134"
2021-11-11,"9,55364894866943",2020-11-09,"9,41743659973145",2019-11-06,"12,2391271591187",2018-11-08,"9,25460624694824",2017-11-03,"7,14614486694336",2016-11-09,"5,88719463348389",2015-11-11,"4,06782865524292",2014-11-07,"4,59320402145386",2013-11-06,"3,91087365150452",2012-11-09,"3,18277859687805",2011-11-09,"3,27239441871643"
2021-11-12,"9,54432010650635",2020-11-10,"9,72442817687988",2019-11-07,"12,2215919494629",2018-11-09,"9,45935535430908",2017-11-06,"7,16656351089478",2016-11-10,"5,58333969116211",2015-11-12,"4,08949518203735",2014-11-10,"4,59320402145386",2013-11-07,"3,85262584686279",2012-11-12,"3,19350671768188",2011-11-10,"3,27239441871643"
2021-11-16,"9,3670539855957",2020-11-11,"9,57093143463135",2019-11-08,"12,0637826919556",2018-11-12,"9,36926555633545",2017-11-07,"7,01002502441406",2016-11-11,"5,43141269683838",2015-11-13,"4,00824689865112",2014-11-11,"4,56964731216431",2013-11-08,"3,76109647750854",2012-11-13,"3,25787782669067",2011-11-11,"3,27552080154419"
2021-11-17,"9,3577241897583",2020-11-12,"9,45355319976807",2019-11-11,"12,1777563095093",2018-11-13,"9,30374717712402",2017-11-08,"7,24142503738403",2016-11-14,"5,42508220672607",2015-11-16,"4,03532886505127",2014-11-12,"4,61675643920898",2013-11-11,"3,77773785591125",2012-11-14,"3,19708395004272",2011-11-14,"3,29114770889282"
2021-11-18,"9,29241561889648",2020-11-13,"9,61607646942139",2019-11-12,"12,0374822616577",2018-11-14,"9,45935535430908",2017-11-09,"7,12572479248047",2016-11-16,"5,60233163833618",2015-11-17,"4,09491205215454",2014-11-13,"4,45187187194824",2013-11-12,"3,77773785591125",2012-11-16,"3,20423650741577",2011-11-16,"3,30677604675293"
2021-11-19,"9,2830867767334",2020-11-16,"9,82375049591064",2019-11-13,"11,8358335494995",2018-11-16,"9,81971073150635",2017-11-10,"7,12572479248047",2016-11-17,"5,46939516067505",2015-11-18,"4,13282871246338",2014-11-14,"4,49898242950439",2013-11-13,"3,84014654159546",2012-11-19,"3,32224822044373",2011-11-17,"3,18175530433655"
2021-11-22,"9,18978977203369",2020-11-17,"9,85083675384522",2019-11-14,"11,9498081207275",2018-11-19,"9,88523197174072",2017-11-13,"7,12572479248047",2016-11-18,"5,55801916122437",2015-11-19,"4,19782686233521",2014-11-17,"4,45187187194824",2013-11-14,"3,9275164604187",2012-11-21,"3,36158680915833",2011-11-18,"3,14737439155579"
2021-11-23,"9,273756980896",2020-11-18,"9,66122341156006",2019-11-18,"11,9235048294067",2018-11-21,"9,70504951477051",2017-11-14,"7,02363681793213",2016-11-21,"5,61499118804932",2015-11-23,"4,18699312210083",2014-11-18,"4,57906913757324",2013-11-18,"3,98576259613037",2012-11-22,"3,39734888076782",2011-11-21,"3,14737439155579"
2021-11-24,"9,42038822174072",2020-11-19,"9,67928218841553",2019-11-19,"11,7656946182251",2018-11-22,"9,69686508178711",2017-11-15,"7,02363681793213",2016-11-22,"5,61499118804932",2015-11-24,"4,20324277877808",2014-11-19,"4,75808715820313",2013-11-19,"3,88175249099731",2012-11-23,"3,43668627738953",2011-11-22,"3,07861351966858"
2021-11-25,"9,50568294525147",2020-11-23,"9,67025470733643",2019-11-21,"11,8446006774902",2018-11-23,"9,71324062347412",2017-11-16,"7,1325306892395",2016-11-23,"5,51370763778687",2015-11-25,"4,00283002853394",2014-11-21,"5,03603506088257",2013-11-21,"3,83598399162292",2012-11-26,"3,34728193283081",2011-11-23,"3,0223548412323"
2021-11-26,"9,31613826751709",2020-11-24,"9,8779239654541",2019-11-22,"12,0199432373047",2018-11-26,"9,53306484222412",2017-11-17,"7,21420097351074",2016-11-24,"5,46939516067505",2015-11-26,"4,0786623954773",2014-11-24,"4,9371018409729",2013-11-22,"3,78189826011658",2012-11-27,"3,31152105331421",2011-11-24,"3,05673360824585"
2021-11-29,"9,30666065216064",2020-11-25,"9,7424840927124",2019-11-25,"11,7306261062622",2018-11-27,"9,901611328125",2017-11-20,"7,21420097351074",2016-11-25,"5,44407320022583",2015-11-27,"3,9811646938324",2014-11-25,"5,03132343292236",2013-11-25,"3,71949076652527",2012-11-28,"3,33655428886414",2011-11-25,"3,04110860824585"
2021-11-30,"9,16450214385986",2020-11-26,"9,67025470733643",2019-11-26,"11,4500722885132",2018-11-28,"10,1309289932251",2017-11-21,"7,32309341430664",2016-11-28,"5,49471664428711",2015-11-30,"3,92699670791626",2014-11-26,"4,95594787597656",2013-11-26,"3,74861526489258",2012-11-29,"3,40450167655945",2011-11-28,"3,11924529075623"
2021-12-01,"9,13935470581055",2020-11-27,"9,81471920013428",2019-11-27,"11,5903491973877",2018-11-29,"10,2292051315308",2017-11-22,"7,30267858505249",2016-11-29,"5,38710117340088",2015-12-01,"4,03283834457397",2014-11-27,"4,9182596206665",2013-11-27,"3,85262584686279",2012-11-30,"3,43668627738953",2011-11-29,"3,08486557006836"
2021-12-02,"9,40536499023438",2020-11-30,"9,55287265777588",2019-11-28,"11,6166515350342",2018-11-30,"10,1063575744629",2017-11-23,"7,29587268829346",2016-11-30,"5,45040321350098",2015-12-02,"3,96227836608887",2014-11-28,"4,94652605056763",2013-11-28,"3,82766485214233",2012-12-03,"3,52085590362549",2011-11-30,"3,29739904403687"
2021-12-03,"9,3578634262085",2020-12-01,"9,98709487915039",2019-11-29,"11,634183883667",2018-12-03,"10,0325307846069",2017-11-24,"7,22781372070313",2016-12-01,"5,18089437484741",2015-12-03,"4,12511253356934",2014-12-01,"4,68941211700439",2013-11-29,"3,86094665527344",2012-12-04,"3,47429347038269",2011-12-01,"3,38627982139587"
2021-12-06,"9,47186851501465",2020-12-02,"9,97804832458496",2019-12-02,"11,7307710647583",2018-12-04,"9,88487052917481",2017-11-27,"7,34351444244385",2016-12-02,"5,19991970062256",2015-12-04,"4,08169174194336",2014-12-02,"4,68469285964966",2013-12-02,"3,79219031333923",2012-12-05,"3,49578404426575",2011-12-02,"3,41444540023804"
2021-12-07,"9,3863639831543",2020-12-03,"10,1227893829346",2019-12-03,"11,7044286727905",2018-12-05,"9,88487052917481",2017-11-28,"7,3162899017334",2016-12-05,"5,1745548248291",2015-12-07,"4,03826808929443",2014-12-03,"4,72715091705322",2013-12-03,"3,70884537696838",2012-12-06,"3,449223279953",2011-12-05,"3,48642921447754"
2021-12-08,"9,41486549377441",2020-12-04,"10,1408815383911",2019-12-04,"11,9854068756104",2018-12-06,"10,1391706466675",2017-11-29,"7,13933563232422",2016-12-06,"5,28869819641113",2015-12-08,"4,0111289024353",2014-12-04,"4,62336111068726",2013-12-04,"3,67967176437378",2012-12-07,"3,47429347038269",2011-12-06,"3,50833678245544"
2021-12-09,"9,19635581970215",2020-12-07,"10,1861133575439",2019-12-05,"11,9327220916748",2018-12-07,"9,94229412078857",2017-11-30,"7,06447124481201",2016-12-07,"5,30138206481934",2015-12-09,"4,21195793151856",2014-12-05,"4,72243213653564",2013-12-05,"3,65467023849487",2012-12-10,"3,47429347038269",2011-12-07,"3,50520658493042"
2021-12-10,"9,21535778045654",2020-12-08,"10,1408815383911",2019-12-06,"11,8185787200928",2018-12-10,"9,63877868652344",2017-12-01,"7,12922430038452",2016-12-08,"5,29504156112671",2015-12-10,"4,20142698287964",2014-12-08,"4,54315900802612",2013-12-06,"3,70884537696838",2012-12-11,"3,49578404426575",2011-12-08,"3,48642921447754"
2021-12-13,"9,08235168457031",2020-12-09,"10,1951589584351",2019-12-09,"12,0117473602295",2018-12-11,"9,67158985137939",2017-12-04,"7,15648698806763",2016-12-09,"5,32674694061279",2015-12-11,"4,17385721206665",2014-12-09,"4,58561897277832",2013-12-09,"3,75468397140503",2012-12-12,"3,47429347038269",2011-12-09,"3,51772499084473"
2021-12-14,"9,15237998962402",2020-12-10,"10,4032249450684",2019-12-10,"11,9941864013672",2018-12-12,"9,77002620697022",2017-12-05,"7,12240695953369",2016-12-12,"5,11748170852661",2015-12-14,"4,04704284667969",2014-12-10,"4,50070238113403",2013-12-10,"3,72968125343323",2012-12-13,"3,4707133769989",2011-12-12,"3,51772499084473"
2021-12-15,"9,2380952835083",2020-12-11,"10,413857460022",2019-12-11,"11,9590644836426",2018-12-13,"9,92589282989502",2017-12-06,"7,22464179992676",2016-12-13,"5,14284658432007",2015-12-15,"4,0690975189209",2014-12-11,"4,55731439590454",2013-12-11,"3,66300487518311",2012-12-14,"3,45638608932495",2011-12-13,"3,48955917358398"
2021-12-16,"9,24761867523193",2020-12-14,"10,2952079772949",2019-12-12,"11,9415035247803",2018-12-14,"9,99151611328125",2017-12-07,"7,14285278320313",2016-12-14,"5,11114025115967",2015-12-16,"4,04152917861939",2014-12-12,"4,31671047210693",2013-12-12,"3,67967176437378",2012-12-17,"3,43489456176758",2011-12-14,"3,46765232086182"
2021-12-17,"9,08571434020996",2020-12-15,"10,496000289917",2019-12-13,"12,0345735549927",2018-12-17,"9,72080802917481",2017-12-08,"7,17011642456055",2016-12-15,"5,11114025115967",2015-12-17,"4,14077663421631",2014-12-15,"4,22707366943359",2013-12-13,"3,66717100143433",2012-12-18,"3,45638608932495",2011-12-15,"3,470782995224"
2021-12-20,9,2020-12-16,"10,6420307159424",2019-12-16,"11,9203777313232",2018-12-18,"9,76850128173828",2017-12-11,"7,20419311523438",2016-12-16,"5,08577537536621",2015-12-18,"3,94228363037109",2014-12-16,"4,22235584259033",2013-12-16,"3,69217538833618",2012-12-19,"3,5710027217865",2011-12-16,"3,44261455535889"
2021-12-21,"8,9399995803833",2020-12-17,"10,651159286499",2019-12-17,"12,1487712860107",2018-12-19,"9,76029396057129",2017-12-12,"7,27916717529297",2016-12-19,"4,99699831008911",2015-12-21,"3,87060403823853",2014-12-17,"4,46295881271362",2013-12-17,"3,69217538833618",2012-12-20,"3,56025576591492",2011-12-19,"3,39566993713379"
2021-12-22,"8,97000026702881",2020-12-18,"10,550763130188",2019-12-18,"12,2717485427856",2018-12-20,"9,75208377838135",2017-12-13,"7,17693471908569",2016-12-20,"5,04772663116455",2015-12-22,"3,88714623451233",2014-12-18,"4,43465328216553",2013-12-18,"3,72551274299622",2012-12-21,"3,53876686096191",2011-12-20,"3,48955917358398"
2021-12-23,"8,98999977111816",2020-12-21,"10,386474609375",2019-12-19,"12,2805366516113",2018-12-21,"9,64537239074707",2017-12-14,"7,15648698806763",2016-12-21,"5,04772663116455",2015-12-23,"3,85957789421082",2014-12-19,"4,52429056167603",2013-12-19,"3,78802180290222",2012-12-26,"3,58522820472717",2011-12-21,"3,48642921447754"
2021-12-27,"9,09000015258789",2020-12-22,"10,404730796814",2019-12-20,"12,1663389205933",2018-12-26,"9,52223587036133",2017-12-15,"7,19056463241577",2016-12-22,"5,08577537536621",2015-12-28,"3,84855151176453",2014-12-22,"4,55535507202148",2013-12-20,"3,71301102638245",2012-12-27,"3,53035187721252",2011-12-22,"3,54902195930481"
2021-12-28,"9,07999992370606",2020-12-23,"10,651159286499",2019-12-23,"12,2541828155518",2018-12-27,"9,68641471862793",2017-12-18,"7,15648698806763",2016-12-23,"5,18822717666626",2015-12-29,"3,84855151176453",2014-12-23,"4,56008625030518",2013-12-23,"3,74499201774597",2012-12-28,"3,54498553276062",2011-12-23,"3,58344864845276"
2021-12-29,"9,02999973297119",2020-12-28,"10,7698125839233",2019-12-26,"12,4650077819824",2018-12-28,"9,91625785827637",2017-12-19,"7,08832883834839",2016-12-26,"5,25390100479126",2015-12-30,"3,7934148311615",2014-12-26,"4,48905849456787",2013-12-26,"3,73657464981079",,,2011-12-26,"3,59828448295593"
2021-12-30,"8,93000030517578",2020-12-29,"10,8336982727051",2019-12-27,"12,4123001098633",,,2017-12-20,"7,19737863540649",2016-12-27,"5,23419809341431",,,2014-12-29,"4,50326347351074",2013-12-27,"3,74499201774597",,,2011-12-27,"3,60147833824158"
,,2020-12-30,"10,7059202194214",2019-12-30,"12,3771657943726",,,2017-12-21,"7,46319055557251",2016-12-28,"5,3064398765564",,,2014-12-30,"4,44644069671631",2013-12-30,"3,74499201774597",,,2011-12-28,"3,53437113761902"
,,,,,,,,2017-12-22,"7,47001075744629",2016-12-29,"5,43778705596924",,,,,,,,,2011-12-29,"3,60467600822449"
,,,,,,,,2017-12-25,"7,47001075744629",,,,,,,,,,,,
,,,,,,,,2017-12-27,"7,482506275177",,,,,,,,,,,,
,,,,,,,,2017-12-28,"7,48942804336548",,,,,,,,,,,,
,,,,,,,,2017-12-29,"7,48942804336548",,,,,,,,,,,,
,,,,,,,,,,,,,,,,,,,,,
2021,"9,96895151099695",2020,"9,2738758402486",2019,"10,9242706414192",2018,"8,80478626538098",2017,"6,68527790680233",2016,"4,8629560681232",2015,"4,47123835048055",2014,"4,2347845752393",2013,"3,68832141353238",2012,"3,42032757973184",2011,"3,43252559838046"
